graph,triples
https://purl.humanatlas.io/collection/hra-api,1792004
https://purl.humanatlas.io/ds-graph/hra-pop-full,250280
https://purl.humanatlas.io/graph/ctann-crosswalks,15442
https://purl.humanatlas.io/graph/hra-pop,17781
https://purl.humanatlas.io/graph/hra-pop#as-as-sims,65907
https://purl.humanatlas.io/graph/hra-pop#distances,2236652
https://purl.humanatlas.io/graph/hra-pop#similarities,186993342
https://purl.humanatlas.io/graph/hra-pop#similarities-local,186978420
https://purl.humanatlas.io/graph/hra-pop#test-data,186236
