dataset,Organ_Label,Organ_ID,Annotation_Label,Annotation_Label_ID,CL_Label,CL_ID,cell_count
https://api.cellxgene.cziscience.com/dp/v1/collections/20eea6c8-9d64-42c9-9b6f-c11b5249e0e9#donor_2207$apex%20of%20heart,heart,UBERON:0000948,hepatocyte,CL:0000182,hepatocyte,CL:0000182,1
https://api.cellxgene.cziscience.com/dp/v1/collections/20eea6c8-9d64-42c9-9b6f-c11b5249e0e9#donor_2336$apex%20of%20heart,heart,UBERON:0000948,hepatocyte,CL:0000182,hepatocyte,CL:0000182,1
https://api.cellxgene.cziscience.com/dp/v1/collections/20eea6c8-9d64-42c9-9b6f-c11b5249e0e9#donor_2336$heart%20left%20ventricle,heart,UBERON:0000948,hepatocyte,CL:0000182,hepatocyte,CL:0000182,4
https://api.cellxgene.cziscience.com/dp/v1/collections/20eea6c8-9d64-42c9-9b6f-c11b5249e0e9#donor_2336$heart%20right%20ventricle,heart,UBERON:0000948,hepatocyte,CL:0000182,hepatocyte,CL:0000182,6
https://api.cellxgene.cziscience.com/dp/v1/collections/20eea6c8-9d64-42c9-9b6f-c11b5249e0e9#donor_2336$interventricular%20septum,heart,UBERON:0000948,hepatocyte,CL:0000182,hepatocyte,CL:0000182,3
https://api.cellxgene.cziscience.com/dp/v1/collections/20eea6c8-9d64-42c9-9b6f-c11b5249e0e9#donor_3231$apex%20of%20heart,heart,UBERON:0000948,hepatocyte,CL:0000182,hepatocyte,CL:0000182,7
https://api.cellxgene.cziscience.com/dp/v1/collections/20eea6c8-9d64-42c9-9b6f-c11b5249e0e9#donor_3231$heart%20left%20ventricle,heart,UBERON:0000948,hepatocyte,CL:0000182,hepatocyte,CL:0000182,2
https://api.cellxgene.cziscience.com/dp/v1/collections/20eea6c8-9d64-42c9-9b6f-c11b5249e0e9#donor_3231$heart%20right%20ventricle,heart,UBERON:0000948,hepatocyte,CL:0000182,hepatocyte,CL:0000182,9
https://api.cellxgene.cziscience.com/dp/v1/collections/20eea6c8-9d64-42c9-9b6f-c11b5249e0e9#donor_3231$interventricular%20septum,heart,UBERON:0000948,hepatocyte,CL:0000182,hepatocyte,CL:0000182,3
https://api.cellxgene.cziscience.com/dp/v1/collections/38833785-fac5-48fd-944a-0f62a4c23ed1#Donor11$heart,heart,UBERON:0000948,hepatocyte,CL:0000182,hepatocyte,CL:0000182,1174
https://api.cellxgene.cziscience.com/dp/v1/collections/38833785-fac5-48fd-944a-0f62a4c23ed1#Donor13$heart,heart,UBERON:0000948,hepatocyte,CL:0000182,hepatocyte,CL:0000182,2365
https://api.cellxgene.cziscience.com/dp/v1/collections/38833785-fac5-48fd-944a-0f62a4c23ed1#Donor24$heart,heart,UBERON:0000948,hepatocyte,CL:0000182,hepatocyte,CL:0000182,25
https://api.cellxgene.cziscience.com/dp/v1/collections/38833785-fac5-48fd-944a-0f62a4c23ed1#Donor25$heart,heart,UBERON:0000948,hepatocyte,CL:0000182,hepatocyte,CL:0000182,18
https://api.cellxgene.cziscience.com/dp/v1/collections/68e7e5b7-4dc9-4609-832e-7656aa6182ba#SAMN15889151$apical%20region%20of%20left%20ventricle,heart,UBERON:0000948,hepatocyte,CL:0000182,hepatocyte,CL:0000182,9
https://api.cellxgene.cziscience.com/dp/v1/collections/68e7e5b7-4dc9-4609-832e-7656aa6182ba#SAMN15889152$apical%20region%20of%20left%20ventricle,heart,UBERON:0000948,hepatocyte,CL:0000182,hepatocyte,CL:0000182,50
https://api.cellxgene.cziscience.com/dp/v1/collections/68e7e5b7-4dc9-4609-832e-7656aa6182ba#SAMN15889153$apical%20region%20of%20left%20ventricle,heart,UBERON:0000948,hepatocyte,CL:0000182,hepatocyte,CL:0000182,2
https://api.cellxgene.cziscience.com/dp/v1/collections/68e7e5b7-4dc9-4609-832e-7656aa6182ba#SAMN15889154$apical%20region%20of%20left%20ventricle,heart,UBERON:0000948,hepatocyte,CL:0000182,hepatocyte,CL:0000182,64
https://api.cellxgene.cziscience.com/dp/v1/collections/68e7e5b7-4dc9-4609-832e-7656aa6182ba#SAMN15889155$apical%20region%20of%20left%20ventricle,heart,UBERON:0000948,hepatocyte,CL:0000182,hepatocyte,CL:0000182,100
https://api.cellxgene.cziscience.com/dp/v1/collections/68e7e5b7-4dc9-4609-832e-7656aa6182ba#SAMN15889156$apical%20region%20of%20left%20ventricle,heart,UBERON:0000948,hepatocyte,CL:0000182,hepatocyte,CL:0000182,109
https://api.cellxgene.cziscience.com/dp/v1/collections/68e7e5b7-4dc9-4609-832e-7656aa6182ba#SAMN15889157$apical%20region%20of%20left%20ventricle,heart,UBERON:0000948,hepatocyte,CL:0000182,hepatocyte,CL:0000182,1
https://api.cellxgene.cziscience.com/dp/v1/collections/68e7e5b7-4dc9-4609-832e-7656aa6182ba#SAMN15889158$apical%20region%20of%20left%20ventricle,heart,UBERON:0000948,hepatocyte,CL:0000182,hepatocyte,CL:0000182,7
https://api.cellxgene.cziscience.com/dp/v1/collections/68e7e5b7-4dc9-4609-832e-7656aa6182ba#SAMN15889159$apical%20region%20of%20left%20ventricle,heart,UBERON:0000948,hepatocyte,CL:0000182,hepatocyte,CL:0000182,1
https://api.cellxgene.cziscience.com/dp/v1/collections/db468083-041c-41ca-8f6f-bf991a070adf#HC-1$mesenteric%20artery,heart,UBERON:0000948,hepatocyte,CL:0000182,hepatocyte,CL:0000182,16
https://api.cellxgene.cziscience.com/dp/v1/collections/db468083-041c-41ca-8f6f-bf991a070adf#HC-2$mesenteric%20artery,heart,UBERON:0000948,hepatocyte,CL:0000182,hepatocyte,CL:0000182,38
https://api.cellxgene.cziscience.com/dp/v1/collections/db468083-041c-41ca-8f6f-bf991a070adf#T2D-1$mesenteric%20artery,heart,UBERON:0000948,hepatocyte,CL:0000182,hepatocyte,CL:0000182,31
https://api.cellxgene.cziscience.com/dp/v1/collections/db468083-041c-41ca-8f6f-bf991a070adf#T2D-2$mesenteric%20artery,heart,UBERON:0000948,hepatocyte,CL:0000182,hepatocyte,CL:0000182,105
https://api.cellxgene.cziscience.com/dp/v1/collections/8191c283-0816-424b-9b61-c3e1d6258a77#P1$heart%20left%20ventricle,heart,UBERON:0000948,hepatocyte,CL:0000182,hepatocyte,CL:0000182,783
https://api.cellxgene.cziscience.com/dp/v1/collections/8191c283-0816-424b-9b61-c3e1d6258a77#P10$heart%20left%20ventricle,heart,UBERON:0000948,hepatocyte,CL:0000182,hepatocyte,CL:0000182,51
https://api.cellxgene.cziscience.com/dp/v1/collections/8191c283-0816-424b-9b61-c3e1d6258a77#P11$heart%20left%20ventricle,heart,UBERON:0000948,hepatocyte,CL:0000182,hepatocyte,CL:0000182,135
https://api.cellxgene.cziscience.com/dp/v1/collections/8191c283-0816-424b-9b61-c3e1d6258a77#P12$heart%20left%20ventricle,heart,UBERON:0000948,hepatocyte,CL:0000182,hepatocyte,CL:0000182,94
https://api.cellxgene.cziscience.com/dp/v1/collections/8191c283-0816-424b-9b61-c3e1d6258a77#P13$heart%20left%20ventricle,heart,UBERON:0000948,hepatocyte,CL:0000182,hepatocyte,CL:0000182,165
https://api.cellxgene.cziscience.com/dp/v1/collections/8191c283-0816-424b-9b61-c3e1d6258a77#P14$heart%20left%20ventricle,heart,UBERON:0000948,hepatocyte,CL:0000182,hepatocyte,CL:0000182,216
https://api.cellxgene.cziscience.com/dp/v1/collections/8191c283-0816-424b-9b61-c3e1d6258a77#P15$heart%20left%20ventricle,heart,UBERON:0000948,hepatocyte,CL:0000182,hepatocyte,CL:0000182,468
https://api.cellxgene.cziscience.com/dp/v1/collections/8191c283-0816-424b-9b61-c3e1d6258a77#P16$heart%20left%20ventricle,heart,UBERON:0000948,hepatocyte,CL:0000182,hepatocyte,CL:0000182,502
https://api.cellxgene.cziscience.com/dp/v1/collections/8191c283-0816-424b-9b61-c3e1d6258a77#P17$heart%20left%20ventricle,heart,UBERON:0000948,hepatocyte,CL:0000182,hepatocyte,CL:0000182,120
https://api.cellxgene.cziscience.com/dp/v1/collections/8191c283-0816-424b-9b61-c3e1d6258a77#P18$heart%20left%20ventricle,heart,UBERON:0000948,hepatocyte,CL:0000182,hepatocyte,CL:0000182,193
https://api.cellxgene.cziscience.com/dp/v1/collections/8191c283-0816-424b-9b61-c3e1d6258a77#P19$heart%20left%20ventricle,heart,UBERON:0000948,hepatocyte,CL:0000182,hepatocyte,CL:0000182,143
https://api.cellxgene.cziscience.com/dp/v1/collections/8191c283-0816-424b-9b61-c3e1d6258a77#P2$heart%20left%20ventricle,heart,UBERON:0000948,hepatocyte,CL:0000182,hepatocyte,CL:0000182,614
https://api.cellxgene.cziscience.com/dp/v1/collections/8191c283-0816-424b-9b61-c3e1d6258a77#P20$heart%20left%20ventricle,heart,UBERON:0000948,hepatocyte,CL:0000182,hepatocyte,CL:0000182,329
https://api.cellxgene.cziscience.com/dp/v1/collections/8191c283-0816-424b-9b61-c3e1d6258a77#P3$heart%20left%20ventricle,heart,UBERON:0000948,hepatocyte,CL:0000182,hepatocyte,CL:0000182,655
https://api.cellxgene.cziscience.com/dp/v1/collections/8191c283-0816-424b-9b61-c3e1d6258a77#P4$heart%20left%20ventricle,heart,UBERON:0000948,hepatocyte,CL:0000182,hepatocyte,CL:0000182,1070
https://api.cellxgene.cziscience.com/dp/v1/collections/8191c283-0816-424b-9b61-c3e1d6258a77#P5$heart%20left%20ventricle,heart,UBERON:0000948,hepatocyte,CL:0000182,hepatocyte,CL:0000182,272
https://api.cellxgene.cziscience.com/dp/v1/collections/8191c283-0816-424b-9b61-c3e1d6258a77#P6$heart%20left%20ventricle,heart,UBERON:0000948,hepatocyte,CL:0000182,hepatocyte,CL:0000182,20
https://api.cellxgene.cziscience.com/dp/v1/collections/8191c283-0816-424b-9b61-c3e1d6258a77#P7$heart%20left%20ventricle,heart,UBERON:0000948,hepatocyte,CL:0000182,hepatocyte,CL:0000182,64
https://api.cellxgene.cziscience.com/dp/v1/collections/8191c283-0816-424b-9b61-c3e1d6258a77#P8$heart%20left%20ventricle,heart,UBERON:0000948,hepatocyte,CL:0000182,hepatocyte,CL:0000182,36
https://api.cellxgene.cziscience.com/dp/v1/collections/8191c283-0816-424b-9b61-c3e1d6258a77#P9$heart%20left%20ventricle,heart,UBERON:0000948,hepatocyte,CL:0000182,hepatocyte,CL:0000182,1422
https://api.cellxgene.cziscience.com/dp/v1/collections/8c782494-01ed-491b-97b9-6f0d3b76c676#CB-B45$right%20atrium%20auricular%20region,heart,UBERON:0000948,hepatocyte,CL:0000182,hepatocyte,CL:0000182,32
https://api.cellxgene.cziscience.com/dp/v1/collections/8c782494-01ed-491b-97b9-6f0d3b76c676#CB-B61$right%20atrium%20auricular%20region,heart,UBERON:0000948,hepatocyte,CL:0000182,hepatocyte,CL:0000182,27
https://api.cellxgene.cziscience.com/dp/v1/collections/8c782494-01ed-491b-97b9-6f0d3b76c676#CB-B84$right%20atrium%20auricular%20region,heart,UBERON:0000948,hepatocyte,CL:0000182,hepatocyte,CL:0000182,27
https://api.cellxgene.cziscience.com/dp/v1/collections/8c782494-01ed-491b-97b9-6f0d3b76c676#CB-C53$right%20atrium%20auricular%20region,heart,UBERON:0000948,hepatocyte,CL:0000182,hepatocyte,CL:0000182,5
https://api.cellxgene.cziscience.com/dp/v1/collections/8c782494-01ed-491b-97b9-6f0d3b76c676#CB-E46$right%20atrium%20auricular%20region,heart,UBERON:0000948,hepatocyte,CL:0000182,hepatocyte,CL:0000182,35
https://api.cellxgene.cziscience.com/dp/v1/collections/8c782494-01ed-491b-97b9-6f0d3b76c676#CB-F35$right%20atrium%20auricular%20region,heart,UBERON:0000948,hepatocyte,CL:0000182,hepatocyte,CL:0000182,20
https://api.cellxgene.cziscience.com/dp/v1/collections/8c782494-01ed-491b-97b9-6f0d3b76c676#CB-F42$right%20atrium%20auricular%20region,heart,UBERON:0000948,hepatocyte,CL:0000182,hepatocyte,CL:0000182,1
https://api.cellxgene.cziscience.com/dp/v1/collections/8c782494-01ed-491b-97b9-6f0d3b76c676#CB-F45$right%20atrium%20auricular%20region,heart,UBERON:0000948,hepatocyte,CL:0000182,hepatocyte,CL:0000182,146
https://api.cellxgene.cziscience.com/dp/v1/collections/8c782494-01ed-491b-97b9-6f0d3b76c676#CB-G25$right%20atrium%20auricular%20region,heart,UBERON:0000948,hepatocyte,CL:0000182,hepatocyte,CL:0000182,36
https://api.cellxgene.cziscience.com/dp/v1/collections/8c782494-01ed-491b-97b9-6f0d3b76c676#CB-G43$right%20atrium%20auricular%20region,heart,UBERON:0000948,hepatocyte,CL:0000182,hepatocyte,CL:0000182,1
https://api.cellxgene.cziscience.com/dp/v1/collections/8c782494-01ed-491b-97b9-6f0d3b76c676#CB-H64$right%20atrium%20auricular%20region,heart,UBERON:0000948,hepatocyte,CL:0000182,hepatocyte,CL:0000182,15
https://api.cellxgene.cziscience.com/dp/v1/collections/8c782494-01ed-491b-97b9-6f0d3b76c676#CB-H69$right%20atrium%20auricular%20region,heart,UBERON:0000948,hepatocyte,CL:0000182,hepatocyte,CL:0000182,63
https://api.cellxgene.cziscience.com/dp/v1/collections/8c782494-01ed-491b-97b9-6f0d3b76c676#CB-H80$right%20atrium%20auricular%20region,heart,UBERON:0000948,hepatocyte,CL:0000182,hepatocyte,CL:0000182,15
https://api.cellxgene.cziscience.com/dp/v1/collections/8c782494-01ed-491b-97b9-6f0d3b76c676#CB-K68$right%20atrium%20auricular%20region,heart,UBERON:0000948,hepatocyte,CL:0000182,hepatocyte,CL:0000182,8
https://api.cellxgene.cziscience.com/dp/v1/collections/8c782494-01ed-491b-97b9-6f0d3b76c676#CB-L45$right%20atrium%20auricular%20region,heart,UBERON:0000948,hepatocyte,CL:0000182,hepatocyte,CL:0000182,4
https://api.cellxgene.cziscience.com/dp/v1/collections/8c782494-01ed-491b-97b9-6f0d3b76c676#CB-M68$right%20atrium%20auricular%20region,heart,UBERON:0000948,hepatocyte,CL:0000182,hepatocyte,CL:0000182,78
https://api.cellxgene.cziscience.com/dp/v1/collections/8c782494-01ed-491b-97b9-6f0d3b76c676#CB-N02$right%20atrium%20auricular%20region,heart,UBERON:0000948,hepatocyte,CL:0000182,hepatocyte,CL:0000182,17
https://api.cellxgene.cziscience.com/dp/v1/collections/8c782494-01ed-491b-97b9-6f0d3b76c676#CB-N16$right%20atrium%20auricular%20region,heart,UBERON:0000948,hepatocyte,CL:0000182,hepatocyte,CL:0000182,12
https://api.cellxgene.cziscience.com/dp/v1/collections/8c782494-01ed-491b-97b9-6f0d3b76c676#CB-N27$right%20atrium%20auricular%20region,heart,UBERON:0000948,hepatocyte,CL:0000182,hepatocyte,CL:0000182,25
https://api.cellxgene.cziscience.com/dp/v1/collections/8c782494-01ed-491b-97b9-6f0d3b76c676#CB-O20$right%20atrium%20auricular%20region,heart,UBERON:0000948,hepatocyte,CL:0000182,hepatocyte,CL:0000182,1
https://api.cellxgene.cziscience.com/dp/v1/collections/8c782494-01ed-491b-97b9-6f0d3b76c676#CB-O72$right%20atrium%20auricular%20region,heart,UBERON:0000948,hepatocyte,CL:0000182,hepatocyte,CL:0000182,14
https://api.cellxgene.cziscience.com/dp/v1/collections/8c782494-01ed-491b-97b9-6f0d3b76c676#CB-O80$right%20atrium%20auricular%20region,heart,UBERON:0000948,hepatocyte,CL:0000182,hepatocyte,CL:0000182,3
https://api.cellxgene.cziscience.com/dp/v1/collections/8c782494-01ed-491b-97b9-6f0d3b76c676#CB-P05$right%20atrium%20auricular%20region,heart,UBERON:0000948,hepatocyte,CL:0000182,hepatocyte,CL:0000182,1
https://api.cellxgene.cziscience.com/dp/v1/collections/8c782494-01ed-491b-97b9-6f0d3b76c676#CB-P69$right%20atrium%20auricular%20region,heart,UBERON:0000948,hepatocyte,CL:0000182,hepatocyte,CL:0000182,5
https://api.cellxgene.cziscience.com/dp/v1/collections/8c782494-01ed-491b-97b9-6f0d3b76c676#CB-Q04$right%20atrium%20auricular%20region,heart,UBERON:0000948,hepatocyte,CL:0000182,hepatocyte,CL:0000182,12
https://api.cellxgene.cziscience.com/dp/v1/collections/8c782494-01ed-491b-97b9-6f0d3b76c676#CB-Q34$right%20atrium%20auricular%20region,heart,UBERON:0000948,hepatocyte,CL:0000182,hepatocyte,CL:0000182,76
https://api.cellxgene.cziscience.com/dp/v1/collections/8c782494-01ed-491b-97b9-6f0d3b76c676#CB-Q68$right%20atrium%20auricular%20region,heart,UBERON:0000948,hepatocyte,CL:0000182,hepatocyte,CL:0000182,63
https://api.cellxgene.cziscience.com/dp/v1/collections/8c782494-01ed-491b-97b9-6f0d3b76c676#CB-R32$right%20atrium%20auricular%20region,heart,UBERON:0000948,hepatocyte,CL:0000182,hepatocyte,CL:0000182,12
https://api.cellxgene.cziscience.com/dp/v1/collections/8c782494-01ed-491b-97b9-6f0d3b76c676#CB-S00$right%20atrium%20auricular%20region,heart,UBERON:0000948,hepatocyte,CL:0000182,hepatocyte,CL:0000182,61
https://api.cellxgene.cziscience.com/dp/v1/collections/8c782494-01ed-491b-97b9-6f0d3b76c676#CB-S12$right%20atrium%20auricular%20region,heart,UBERON:0000948,hepatocyte,CL:0000182,hepatocyte,CL:0000182,9
https://api.cellxgene.cziscience.com/dp/v1/collections/8c782494-01ed-491b-97b9-6f0d3b76c676#CB-S44$right%20atrium%20auricular%20region,heart,UBERON:0000948,hepatocyte,CL:0000182,hepatocyte,CL:0000182,6
https://api.cellxgene.cziscience.com/dp/v1/collections/8c782494-01ed-491b-97b9-6f0d3b76c676#CB-S72$right%20atrium%20auricular%20region,heart,UBERON:0000948,hepatocyte,CL:0000182,hepatocyte,CL:0000182,1
https://api.cellxgene.cziscience.com/dp/v1/collections/8c782494-01ed-491b-97b9-6f0d3b76c676#CB-U39$right%20atrium%20auricular%20region,heart,UBERON:0000948,hepatocyte,CL:0000182,hepatocyte,CL:0000182,13
https://api.cellxgene.cziscience.com/dp/v1/collections/8c782494-01ed-491b-97b9-6f0d3b76c676#CB-V27$right%20atrium%20auricular%20region,heart,UBERON:0000948,hepatocyte,CL:0000182,hepatocyte,CL:0000182,2
https://api.cellxgene.cziscience.com/dp/v1/collections/8c782494-01ed-491b-97b9-6f0d3b76c676#CB-X36$right%20atrium%20auricular%20region,heart,UBERON:0000948,hepatocyte,CL:0000182,hepatocyte,CL:0000182,46
https://api.cellxgene.cziscience.com/dp/v1/collections/8c782494-01ed-491b-97b9-6f0d3b76c676#CB-Z48$right%20atrium%20auricular%20region,heart,UBERON:0000948,hepatocyte,CL:0000182,hepatocyte,CL:0000182,21
https://api.cellxgene.cziscience.com/dp/v1/collections/8f17ac63-aaba-44b5-9b78-60f121da4c2f#patient1$abdominal%20aorta,heart,UBERON:0000948,hepatocyte,CL:0000182,hepatocyte,CL:0000182,6
https://api.cellxgene.cziscience.com/dp/v1/collections/8f17ac63-aaba-44b5-9b78-60f121da4c2f#patient1$arch%20of%20aorta,heart,UBERON:0000948,hepatocyte,CL:0000182,hepatocyte,CL:0000182,5
https://api.cellxgene.cziscience.com/dp/v1/collections/8f17ac63-aaba-44b5-9b78-60f121da4c2f#patient1$ascending%20aorta,heart,UBERON:0000948,hepatocyte,CL:0000182,hepatocyte,CL:0000182,1
https://api.cellxgene.cziscience.com/dp/v1/collections/8f17ac63-aaba-44b5-9b78-60f121da4c2f#patient1$descending%20aorta,heart,UBERON:0000948,hepatocyte,CL:0000182,hepatocyte,CL:0000182,4
https://api.cellxgene.cziscience.com/dp/v1/collections/8f17ac63-aaba-44b5-9b78-60f121da4c2f#patient2$descending%20aorta,heart,UBERON:0000948,hepatocyte,CL:0000182,hepatocyte,CL:0000182,4
https://api.cellxgene.cziscience.com/dp/v1/collections/8f17ac63-aaba-44b5-9b78-60f121da4c2f#patient3$arch%20of%20aorta,heart,UBERON:0000948,hepatocyte,CL:0000182,hepatocyte,CL:0000182,4
https://api.cellxgene.cziscience.com/dp/v1/collections/8f17ac63-aaba-44b5-9b78-60f121da4c2f#patient3$ascending%20aorta,heart,UBERON:0000948,hepatocyte,CL:0000182,hepatocyte,CL:0000182,13
https://api.cellxgene.cziscience.com/dp/v1/collections/8f17ac63-aaba-44b5-9b78-60f121da4c2f#patient3$descending%20aorta,heart,UBERON:0000948,hepatocyte,CL:0000182,hepatocyte,CL:0000182,13
https://api.cellxgene.cziscience.com/dp/v1/collections/8f17ac63-aaba-44b5-9b78-60f121da4c2f#patient4$arch%20of%20aorta,heart,UBERON:0000948,hepatocyte,CL:0000182,hepatocyte,CL:0000182,7
https://api.cellxgene.cziscience.com/dp/v1/collections/8f17ac63-aaba-44b5-9b78-60f121da4c2f#patient4$ascending%20aorta,heart,UBERON:0000948,hepatocyte,CL:0000182,hepatocyte,CL:0000182,16
https://api.cellxgene.cziscience.com/dp/v1/collections/8f17ac63-aaba-44b5-9b78-60f121da4c2f#patient4$descending%20aorta,heart,UBERON:0000948,hepatocyte,CL:0000182,hepatocyte,CL:0000182,25
https://api.cellxgene.cziscience.com/dp/v1/collections/8f17ac63-aaba-44b5-9b78-60f121da4c2f#patient5$arch%20of%20aorta,heart,UBERON:0000948,hepatocyte,CL:0000182,hepatocyte,CL:0000182,5
https://api.cellxgene.cziscience.com/dp/v1/collections/8f17ac63-aaba-44b5-9b78-60f121da4c2f#patient5$ascending%20aorta,heart,UBERON:0000948,hepatocyte,CL:0000182,hepatocyte,CL:0000182,34
https://api.cellxgene.cziscience.com/dp/v1/collections/8f17ac63-aaba-44b5-9b78-60f121da4c2f#patient5$bulb%20of%20aorta,heart,UBERON:0000948,hepatocyte,CL:0000182,hepatocyte,CL:0000182,6
https://api.cellxgene.cziscience.com/dp/v1/collections/8f17ac63-aaba-44b5-9b78-60f121da4c2f#patient5$descending%20aorta,heart,UBERON:0000948,hepatocyte,CL:0000182,hepatocyte,CL:0000182,17
https://api.cellxgene.cziscience.com/dp/v1/collections/8f17ac63-aaba-44b5-9b78-60f121da4c2f#patient6$arch%20of%20aorta,heart,UBERON:0000948,hepatocyte,CL:0000182,hepatocyte,CL:0000182,4
https://api.cellxgene.cziscience.com/dp/v1/collections/8f17ac63-aaba-44b5-9b78-60f121da4c2f#patient6$ascending%20aorta,heart,UBERON:0000948,hepatocyte,CL:0000182,hepatocyte,CL:0000182,9
https://api.cellxgene.cziscience.com/dp/v1/collections/8f17ac63-aaba-44b5-9b78-60f121da4c2f#patient6$bulb%20of%20aorta,heart,UBERON:0000948,hepatocyte,CL:0000182,hepatocyte,CL:0000182,10
https://api.cellxgene.cziscience.com/dp/v1/collections/8f17ac63-aaba-44b5-9b78-60f121da4c2f#research_donor$aorta,heart,UBERON:0000948,hepatocyte,CL:0000182,hepatocyte,CL:0000182,990
https://api.cellxgene.cziscience.com/dp/v1/collections/a3ffde6c-7ad2-498a-903c-d58e732f7470#GTEX-13N11$anterior%20wall%20of%20left%20ventricle,heart,UBERON:0000948,hepatocyte,CL:0000182,hepatocyte,CL:0000182,407
https://api.cellxgene.cziscience.com/dp/v1/collections/a3ffde6c-7ad2-498a-903c-d58e732f7470#GTEX-15RIE$anterior%20wall%20of%20left%20ventricle,heart,UBERON:0000948,hepatocyte,CL:0000182,hepatocyte,CL:0000182,187
https://api.cellxgene.cziscience.com/dp/v1/collections/a3ffde6c-7ad2-498a-903c-d58e732f7470#GTEX-1ICG6$anterior%20wall%20of%20left%20ventricle,heart,UBERON:0000948,hepatocyte,CL:0000182,hepatocyte,CL:0000182,276
https://api.cellxgene.cziscience.com/dp/v1/collections/eeba7193-4d32-46bd-a21b-089936d60601#AF_donor_1$left%20atrium%20auricular%20region,heart,UBERON:0000948,hepatocyte,CL:0000182,hepatocyte,CL:0000182,3
https://api.cellxgene.cziscience.com/dp/v1/collections/eeba7193-4d32-46bd-a21b-089936d60601#AF_donor_3$left%20atrium%20auricular%20region,heart,UBERON:0000948,hepatocyte,CL:0000182,hepatocyte,CL:0000182,1
https://api.cellxgene.cziscience.com/dp/v1/collections/eeba7193-4d32-46bd-a21b-089936d60601#AF_donor_5$left%20atrium%20auricular%20region,heart,UBERON:0000948,hepatocyte,CL:0000182,hepatocyte,CL:0000182,5
https://api.cellxgene.cziscience.com/dp/v1/collections/eeba7193-4d32-46bd-a21b-089936d60601#AF_donor_6$left%20atrium%20auricular%20region,heart,UBERON:0000948,hepatocyte,CL:0000182,hepatocyte,CL:0000182,3
https://api.cellxgene.cziscience.com/dp/v1/collections/eeba7193-4d32-46bd-a21b-089936d60601#AF_donor_7$left%20atrium%20auricular%20region,heart,UBERON:0000948,hepatocyte,CL:0000182,hepatocyte,CL:0000182,8
https://api.cellxgene.cziscience.com/dp/v1/collections/eeba7193-4d32-46bd-a21b-089936d60601#Control_donor_1$left%20atrium%20auricular%20region,heart,UBERON:0000948,hepatocyte,CL:0000182,hepatocyte,CL:0000182,10
https://api.cellxgene.cziscience.com/dp/v1/collections/eeba7193-4d32-46bd-a21b-089936d60601#Control_donor_2$left%20atrium%20auricular%20region,heart,UBERON:0000948,hepatocyte,CL:0000182,hepatocyte,CL:0000182,10
https://api.cellxgene.cziscience.com/dp/v1/collections/eeba7193-4d32-46bd-a21b-089936d60601#Control_donor_3$left%20atrium%20auricular%20region,heart,UBERON:0000948,hepatocyte,CL:0000182,hepatocyte,CL:0000182,11
https://api.cellxgene.cziscience.com/dp/v1/collections/eeba7193-4d32-46bd-a21b-089936d60601#Control_donor_4$left%20atrium%20auricular%20region,heart,UBERON:0000948,hepatocyte,CL:0000182,hepatocyte,CL:0000182,1
https://api.cellxgene.cziscience.com/dp/v1/collections/eeba7193-4d32-46bd-a21b-089936d60601#Control_donor_5$left%20atrium%20auricular%20region,heart,UBERON:0000948,hepatocyte,CL:0000182,hepatocyte,CL:0000182,5
https://api.cellxgene.cziscience.com/dp/v1/collections/3116d060-0a8e-4767-99bb-e866badea1ed#AH5$sinoatrial%20node,heart,UBERON:0000948,hepatocyte,CL:0000182,hepatocyte,CL:0000182,43
https://api.cellxgene.cziscience.com/dp/v1/collections/3116d060-0a8e-4767-99bb-e866badea1ed#AH6$atrioventricular%20node,heart,UBERON:0000948,hepatocyte,CL:0000182,hepatocyte,CL:0000182,1
https://api.cellxgene.cziscience.com/dp/v1/collections/3116d060-0a8e-4767-99bb-e866badea1ed#AV1$sinoatrial%20node,heart,UBERON:0000948,hepatocyte,CL:0000182,hepatocyte,CL:0000182,9
https://api.cellxgene.cziscience.com/dp/v1/collections/3116d060-0a8e-4767-99bb-e866badea1ed#AV14$sinoatrial%20node,heart,UBERON:0000948,hepatocyte,CL:0000182,hepatocyte,CL:0000182,26
https://api.cellxgene.cziscience.com/dp/v1/collections/3116d060-0a8e-4767-99bb-e866badea1ed#D5$left%20cardiac%20atrium,heart,UBERON:0000948,hepatocyte,CL:0000182,hepatocyte,CL:0000182,1
https://api.cellxgene.cziscience.com/dp/v1/collections/3116d060-0a8e-4767-99bb-e866badea1ed#D6$left%20cardiac%20atrium,heart,UBERON:0000948,hepatocyte,CL:0000182,hepatocyte,CL:0000182,1
https://api.cellxgene.cziscience.com/dp/v1/collections/3116d060-0a8e-4767-99bb-e866badea1ed#D8$left%20cardiac%20atrium,heart,UBERON:0000948,hepatocyte,CL:0000182,hepatocyte,CL:0000182,1
https://api.cellxgene.cziscience.com/dp/v1/collections/c114c20f-1ef4-49a5-9c2e-d965787fb90c#H26547$heart,heart,UBERON:0000948,hepatocyte,CL:0000182,hepatocyte,CL:0000182,446
https://api.cellxgene.cziscience.com/dp/v1/collections/c114c20f-1ef4-49a5-9c2e-d965787fb90c#H27098$heart,heart,UBERON:0000948,hepatocyte,CL:0000182,hepatocyte,CL:0000182,660
https://api.cellxgene.cziscience.com/dp/v1/collections/c114c20f-1ef4-49a5-9c2e-d965787fb90c#H27295$heart,heart,UBERON:0000948,hepatocyte,CL:0000182,hepatocyte,CL:0000182,1424
https://api.cellxgene.cziscience.com/dp/v1/collections/c114c20f-1ef4-49a5-9c2e-d965787fb90c#H27423$heart,heart,UBERON:0000948,hepatocyte,CL:0000182,hepatocyte,CL:0000182,716
https://api.cellxgene.cziscience.com/dp/v1/collections/c114c20f-1ef4-49a5-9c2e-d965787fb90c#H27431$heart,heart,UBERON:0000948,hepatocyte,CL:0000182,hepatocyte,CL:0000182,2734
https://api.cellxgene.cziscience.com/dp/v1/collections/c114c20f-1ef4-49a5-9c2e-d965787fb90c#H27464$heart,heart,UBERON:0000948,hepatocyte,CL:0000182,hepatocyte,CL:0000182,725
https://api.cellxgene.cziscience.com/dp/v1/collections/c114c20f-1ef4-49a5-9c2e-d965787fb90c#H27471$heart,heart,UBERON:0000948,hepatocyte,CL:0000182,hepatocyte,CL:0000182,2554
https://api.cellxgene.cziscience.com/dp/v1/collections/c114c20f-1ef4-49a5-9c2e-d965787fb90c#H27472$heart,heart,UBERON:0000948,hepatocyte,CL:0000182,hepatocyte,CL:0000182,359
https://api.cellxgene.cziscience.com/dp/v1/collections/c114c20f-1ef4-49a5-9c2e-d965787fb90c#H27473$heart,heart,UBERON:0000948,hepatocyte,CL:0000182,hepatocyte,CL:0000182,1121
https://api.cellxgene.cziscience.com/dp/v1/collections/e5f58829-1a66-40b5-a624-9046778e74f5#TSP12$cardiac%20atrium,heart,UBERON:0000948,hepatocyte,CL:0000182,hepatocyte,CL:0000182,386
https://api.cellxgene.cziscience.com/dp/v1/collections/e5f58829-1a66-40b5-a624-9046778e74f5#TSP12$cardiac%20ventricle,heart,UBERON:0000948,hepatocyte,CL:0000182,hepatocyte,CL:0000182,182
https://api.cellxgene.cziscience.com/dp/v1/collections/e5f58829-1a66-40b5-a624-9046778e74f5#TSP14$abdominal%20aorta,heart,UBERON:0000948,hepatocyte,CL:0000182,hepatocyte,CL:0000182,4
https://api.cellxgene.cziscience.com/dp/v1/collections/e5f58829-1a66-40b5-a624-9046778e74f5#TSP14$heart,heart,UBERON:0000948,hepatocyte,CL:0000182,hepatocyte,CL:0000182,97
https://api.cellxgene.cziscience.com/dp/v1/collections/e5f58829-1a66-40b5-a624-9046778e74f5#TSP14$thoracic%20aorta,heart,UBERON:0000948,hepatocyte,CL:0000182,hepatocyte,CL:0000182,6
https://api.cellxgene.cziscience.com/dp/v1/collections/e5f58829-1a66-40b5-a624-9046778e74f5#TSP2$aorta,heart,UBERON:0000948,hepatocyte,CL:0000182,hepatocyte,CL:0000182,48
https://api.cellxgene.cziscience.com/dp/v1/collections/e5f58829-1a66-40b5-a624-9046778e74f5#TSP21$aorta,heart,UBERON:0000948,hepatocyte,CL:0000182,hepatocyte,CL:0000182,7
https://api.cellxgene.cziscience.com/dp/v1/collections/e5f58829-1a66-40b5-a624-9046778e74f5#TSP25$aorta,heart,UBERON:0000948,hepatocyte,CL:0000182,hepatocyte,CL:0000182,3
https://api.cellxgene.cziscience.com/dp/v1/collections/e5f58829-1a66-40b5-a624-9046778e74f5#TSP25$heart,heart,UBERON:0000948,hepatocyte,CL:0000182,hepatocyte,CL:0000182,36
https://api.cellxgene.cziscience.com/dp/v1/collections/e5f58829-1a66-40b5-a624-9046778e74f5#TSP27$heart%20right%20ventricle,heart,UBERON:0000948,hepatocyte,CL:0000182,hepatocyte,CL:0000182,2
https://api.cellxgene.cziscience.com/dp/v1/collections/e5f58829-1a66-40b5-a624-9046778e74f5#TSP27$right%20cardiac%20atrium,heart,UBERON:0000948,hepatocyte,CL:0000182,hepatocyte,CL:0000182,9
https://api.cellxgene.cziscience.com/dp/v1/collections/e75342a8-0f3b-4ec5-8ee1-245a23e0f7cb#DL2$heart%20left%20ventricle,heart,UBERON:0000948,hepatocyte,CL:0000182,hepatocyte,CL:0000182,14
https://api.cellxgene.cziscience.com/dp/v1/collections/e75342a8-0f3b-4ec5-8ee1-245a23e0f7cb#DL3$heart%20left%20ventricle,heart,UBERON:0000948,hepatocyte,CL:0000182,hepatocyte,CL:0000182,31
https://api.cellxgene.cziscience.com/dp/v1/collections/e75342a8-0f3b-4ec5-8ee1-245a23e0f7cb#DO1$heart%20left%20ventricle,heart,UBERON:0000948,hepatocyte,CL:0000182,hepatocyte,CL:0000182,38
https://api.cellxgene.cziscience.com/dp/v1/collections/e75342a8-0f3b-4ec5-8ee1-245a23e0f7cb#DP1$heart%20left%20ventricle,heart,UBERON:0000948,hepatocyte,CL:0000182,hepatocyte,CL:0000182,255
https://api.cellxgene.cziscience.com/dp/v1/collections/e75342a8-0f3b-4ec5-8ee1-245a23e0f7cb#DP1$interventricular%20septum,heart,UBERON:0000948,hepatocyte,CL:0000182,hepatocyte,CL:0000182,47
https://api.cellxgene.cziscience.com/dp/v1/collections/e75342a8-0f3b-4ec5-8ee1-245a23e0f7cb#DP2$heart%20left%20ventricle,heart,UBERON:0000948,hepatocyte,CL:0000182,hepatocyte,CL:0000182,54
https://api.cellxgene.cziscience.com/dp/v1/collections/e75342a8-0f3b-4ec5-8ee1-245a23e0f7cb#DP2$heart%20right%20ventricle,heart,UBERON:0000948,hepatocyte,CL:0000182,hepatocyte,CL:0000182,34
https://api.cellxgene.cziscience.com/dp/v1/collections/e75342a8-0f3b-4ec5-8ee1-245a23e0f7cb#DP2$interventricular%20septum,heart,UBERON:0000948,hepatocyte,CL:0000182,hepatocyte,CL:0000182,64
https://api.cellxgene.cziscience.com/dp/v1/collections/e75342a8-0f3b-4ec5-8ee1-245a23e0f7cb#DS3$heart%20left%20ventricle,heart,UBERON:0000948,hepatocyte,CL:0000182,hepatocyte,CL:0000182,47
https://api.cellxgene.cziscience.com/dp/v1/collections/e75342a8-0f3b-4ec5-8ee1-245a23e0f7cb#DT4$heart%20left%20ventricle,heart,UBERON:0000948,hepatocyte,CL:0000182,hepatocyte,CL:0000182,39
https://api.cellxgene.cziscience.com/dp/v1/collections/e75342a8-0f3b-4ec5-8ee1-245a23e0f7cb#H11$heart%20left%20ventricle,heart,UBERON:0000948,hepatocyte,CL:0000182,hepatocyte,CL:0000182,51
https://api.cellxgene.cziscience.com/dp/v1/collections/e75342a8-0f3b-4ec5-8ee1-245a23e0f7cb#H11$heart%20right%20ventricle,heart,UBERON:0000948,hepatocyte,CL:0000182,hepatocyte,CL:0000182,95
https://api.cellxgene.cziscience.com/dp/v1/collections/e75342a8-0f3b-4ec5-8ee1-245a23e0f7cb#H11$interventricular%20septum,heart,UBERON:0000948,hepatocyte,CL:0000182,hepatocyte,CL:0000182,85
https://api.cellxgene.cziscience.com/dp/v1/collections/e75342a8-0f3b-4ec5-8ee1-245a23e0f7cb#H2$apex%20of%20heart,heart,UBERON:0000948,hepatocyte,CL:0000182,hepatocyte,CL:0000182,84
https://api.cellxgene.cziscience.com/dp/v1/collections/e75342a8-0f3b-4ec5-8ee1-245a23e0f7cb#H2$heart%20left%20ventricle,heart,UBERON:0000948,hepatocyte,CL:0000182,hepatocyte,CL:0000182,208
https://api.cellxgene.cziscience.com/dp/v1/collections/e75342a8-0f3b-4ec5-8ee1-245a23e0f7cb#H2$heart%20right%20ventricle,heart,UBERON:0000948,hepatocyte,CL:0000182,hepatocyte,CL:0000182,103
https://api.cellxgene.cziscience.com/dp/v1/collections/e75342a8-0f3b-4ec5-8ee1-245a23e0f7cb#H2$interventricular%20septum,heart,UBERON:0000948,hepatocyte,CL:0000182,hepatocyte,CL:0000182,52
https://api.cellxgene.cziscience.com/dp/v1/collections/e75342a8-0f3b-4ec5-8ee1-245a23e0f7cb#H26$heart%20left%20ventricle,heart,UBERON:0000948,hepatocyte,CL:0000182,hepatocyte,CL:0000182,12
https://api.cellxgene.cziscience.com/dp/v1/collections/e75342a8-0f3b-4ec5-8ee1-245a23e0f7cb#H26$interventricular%20septum,heart,UBERON:0000948,hepatocyte,CL:0000182,hepatocyte,CL:0000182,8
https://api.cellxgene.cziscience.com/dp/v1/collections/e75342a8-0f3b-4ec5-8ee1-245a23e0f7cb#H3$apex%20of%20heart,heart,UBERON:0000948,hepatocyte,CL:0000182,hepatocyte,CL:0000182,19
https://api.cellxgene.cziscience.com/dp/v1/collections/e75342a8-0f3b-4ec5-8ee1-245a23e0f7cb#H3$heart%20left%20ventricle,heart,UBERON:0000948,hepatocyte,CL:0000182,hepatocyte,CL:0000182,52
https://api.cellxgene.cziscience.com/dp/v1/collections/e75342a8-0f3b-4ec5-8ee1-245a23e0f7cb#H3$heart%20right%20ventricle,heart,UBERON:0000948,hepatocyte,CL:0000182,hepatocyte,CL:0000182,17
https://api.cellxgene.cziscience.com/dp/v1/collections/e75342a8-0f3b-4ec5-8ee1-245a23e0f7cb#H3$interventricular%20septum,heart,UBERON:0000948,hepatocyte,CL:0000182,hepatocyte,CL:0000182,68
https://api.cellxgene.cziscience.com/dp/v1/collections/e75342a8-0f3b-4ec5-8ee1-245a23e0f7cb#H33$heart%20left%20ventricle,heart,UBERON:0000948,hepatocyte,CL:0000182,hepatocyte,CL:0000182,93
https://api.cellxgene.cziscience.com/dp/v1/collections/e75342a8-0f3b-4ec5-8ee1-245a23e0f7cb#H33$heart%20right%20ventricle,heart,UBERON:0000948,hepatocyte,CL:0000182,hepatocyte,CL:0000182,88
https://api.cellxgene.cziscience.com/dp/v1/collections/e75342a8-0f3b-4ec5-8ee1-245a23e0f7cb#H33$interventricular%20septum,heart,UBERON:0000948,hepatocyte,CL:0000182,hepatocyte,CL:0000182,57
https://api.cellxgene.cziscience.com/dp/v1/collections/e75342a8-0f3b-4ec5-8ee1-245a23e0f7cb#H4$apex%20of%20heart,heart,UBERON:0000948,hepatocyte,CL:0000182,hepatocyte,CL:0000182,81
https://api.cellxgene.cziscience.com/dp/v1/collections/e75342a8-0f3b-4ec5-8ee1-245a23e0f7cb#H4$heart%20left%20ventricle,heart,UBERON:0000948,hepatocyte,CL:0000182,hepatocyte,CL:0000182,96
https://api.cellxgene.cziscience.com/dp/v1/collections/e75342a8-0f3b-4ec5-8ee1-245a23e0f7cb#H4$heart%20right%20ventricle,heart,UBERON:0000948,hepatocyte,CL:0000182,hepatocyte,CL:0000182,83
https://api.cellxgene.cziscience.com/dp/v1/collections/e75342a8-0f3b-4ec5-8ee1-245a23e0f7cb#H4$interventricular%20septum,heart,UBERON:0000948,hepatocyte,CL:0000182,hepatocyte,CL:0000182,19
https://api.cellxgene.cziscience.com/dp/v1/collections/e75342a8-0f3b-4ec5-8ee1-245a23e0f7cb#H40$heart%20left%20ventricle,heart,UBERON:0000948,hepatocyte,CL:0000182,hepatocyte,CL:0000182,144
https://api.cellxgene.cziscience.com/dp/v1/collections/e75342a8-0f3b-4ec5-8ee1-245a23e0f7cb#H5$apex%20of%20heart,heart,UBERON:0000948,hepatocyte,CL:0000182,hepatocyte,CL:0000182,111
https://api.cellxgene.cziscience.com/dp/v1/collections/e75342a8-0f3b-4ec5-8ee1-245a23e0f7cb#H5$heart%20left%20ventricle,heart,UBERON:0000948,hepatocyte,CL:0000182,hepatocyte,CL:0000182,96
https://api.cellxgene.cziscience.com/dp/v1/collections/e75342a8-0f3b-4ec5-8ee1-245a23e0f7cb#H5$heart%20right%20ventricle,heart,UBERON:0000948,hepatocyte,CL:0000182,hepatocyte,CL:0000182,73
https://api.cellxgene.cziscience.com/dp/v1/collections/e75342a8-0f3b-4ec5-8ee1-245a23e0f7cb#H5$interventricular%20septum,heart,UBERON:0000948,hepatocyte,CL:0000182,hepatocyte,CL:0000182,68
https://api.cellxgene.cziscience.com/dp/v1/collections/e75342a8-0f3b-4ec5-8ee1-245a23e0f7cb#H6$apex%20of%20heart,heart,UBERON:0000948,hepatocyte,CL:0000182,hepatocyte,CL:0000182,26
https://api.cellxgene.cziscience.com/dp/v1/collections/e75342a8-0f3b-4ec5-8ee1-245a23e0f7cb#H6$heart%20left%20ventricle,heart,UBERON:0000948,hepatocyte,CL:0000182,hepatocyte,CL:0000182,34
https://api.cellxgene.cziscience.com/dp/v1/collections/e75342a8-0f3b-4ec5-8ee1-245a23e0f7cb#H6$heart%20right%20ventricle,heart,UBERON:0000948,hepatocyte,CL:0000182,hepatocyte,CL:0000182,23
https://api.cellxgene.cziscience.com/dp/v1/collections/e75342a8-0f3b-4ec5-8ee1-245a23e0f7cb#H6$interventricular%20septum,heart,UBERON:0000948,hepatocyte,CL:0000182,hepatocyte,CL:0000182,51
https://api.cellxgene.cziscience.com/dp/v1/collections/e75342a8-0f3b-4ec5-8ee1-245a23e0f7cb#H7$apex%20of%20heart,heart,UBERON:0000948,hepatocyte,CL:0000182,hepatocyte,CL:0000182,66
https://api.cellxgene.cziscience.com/dp/v1/collections/e75342a8-0f3b-4ec5-8ee1-245a23e0f7cb#H7$heart%20left%20ventricle,heart,UBERON:0000948,hepatocyte,CL:0000182,hepatocyte,CL:0000182,34
https://api.cellxgene.cziscience.com/dp/v1/collections/e75342a8-0f3b-4ec5-8ee1-245a23e0f7cb#H7$heart%20right%20ventricle,heart,UBERON:0000948,hepatocyte,CL:0000182,hepatocyte,CL:0000182,66
https://api.cellxgene.cziscience.com/dp/v1/collections/e75342a8-0f3b-4ec5-8ee1-245a23e0f7cb#H7$interventricular%20septum,heart,UBERON:0000948,hepatocyte,CL:0000182,hepatocyte,CL:0000182,123
https://api.cellxgene.cziscience.com/dp/v1/collections/8c782494-01ed-491b-97b9-6f0d3b76c676#CB-A04$right%20atrium%20auricular%20region,heart,UBERON:0000948,hepatocyte,CL:0000182,hepatocyte,CL:0000182,5
https://api.cellxgene.cziscience.com/dp/v1/collections/8c782494-01ed-491b-97b9-6f0d3b76c676#CB-D39$right%20atrium%20auricular%20region,heart,UBERON:0000948,hepatocyte,CL:0000182,hepatocyte,CL:0000182,28
https://api.cellxgene.cziscience.com/dp/v1/collections/8c782494-01ed-491b-97b9-6f0d3b76c676#CB-O21$right%20atrium%20auricular%20region,heart,UBERON:0000948,hepatocyte,CL:0000182,hepatocyte,CL:0000182,3
https://api.cellxgene.cziscience.com/dp/v1/collections/8c782494-01ed-491b-97b9-6f0d3b76c676#CB-Q37$right%20atrium%20auricular%20region,heart,UBERON:0000948,hepatocyte,CL:0000182,hepatocyte,CL:0000182,5
https://api.cellxgene.cziscience.com/dp/v1/collections/8c782494-01ed-491b-97b9-6f0d3b76c676#CB-S05$right%20atrium%20auricular%20region,heart,UBERON:0000948,hepatocyte,CL:0000182,hepatocyte,CL:0000182,6
https://api.cellxgene.cziscience.com/dp/v1/collections/8c782494-01ed-491b-97b9-6f0d3b76c676#CB-U02$right%20atrium%20auricular%20region,heart,UBERON:0000948,hepatocyte,CL:0000182,hepatocyte,CL:0000182,122
https://api.cellxgene.cziscience.com/dp/v1/collections/8c782494-01ed-491b-97b9-6f0d3b76c676#CB-U69$right%20atrium%20auricular%20region,heart,UBERON:0000948,hepatocyte,CL:0000182,hepatocyte,CL:0000182,230
https://api.cellxgene.cziscience.com/dp/v1/collections/8c782494-01ed-491b-97b9-6f0d3b76c676#CB-Z78$right%20atrium%20auricular%20region,heart,UBERON:0000948,hepatocyte,CL:0000182,hepatocyte,CL:0000182,8
https://api.cellxgene.cziscience.com/dp/v1/collections/8c782494-01ed-491b-97b9-6f0d3b76c676#PH-A45$right%20atrium%20auricular%20region,heart,UBERON:0000948,hepatocyte,CL:0000182,hepatocyte,CL:0000182,13
https://api.cellxgene.cziscience.com/dp/v1/collections/8c782494-01ed-491b-97b9-6f0d3b76c676#PH-A75$right%20atrium%20auricular%20region,heart,UBERON:0000948,hepatocyte,CL:0000182,hepatocyte,CL:0000182,52
https://api.cellxgene.cziscience.com/dp/v1/collections/8c782494-01ed-491b-97b9-6f0d3b76c676#PH-A77$right%20atrium%20auricular%20region,heart,UBERON:0000948,hepatocyte,CL:0000182,hepatocyte,CL:0000182,85
https://api.cellxgene.cziscience.com/dp/v1/collections/8c782494-01ed-491b-97b9-6f0d3b76c676#PH-A91$right%20atrium%20auricular%20region,heart,UBERON:0000948,hepatocyte,CL:0000182,hepatocyte,CL:0000182,55
https://api.cellxgene.cziscience.com/dp/v1/collections/8c782494-01ed-491b-97b9-6f0d3b76c676#PH-B54$right%20atrium%20auricular%20region,heart,UBERON:0000948,hepatocyte,CL:0000182,hepatocyte,CL:0000182,50
https://api.cellxgene.cziscience.com/dp/v1/collections/8c782494-01ed-491b-97b9-6f0d3b76c676#PH-D97$right%20atrium%20auricular%20region,heart,UBERON:0000948,hepatocyte,CL:0000182,hepatocyte,CL:0000182,6
https://api.cellxgene.cziscience.com/dp/v1/collections/8c782494-01ed-491b-97b9-6f0d3b76c676#PH-E59$right%20atrium%20auricular%20region,heart,UBERON:0000948,hepatocyte,CL:0000182,hepatocyte,CL:0000182,54
https://api.cellxgene.cziscience.com/dp/v1/collections/8c782494-01ed-491b-97b9-6f0d3b76c676#PH-E78$right%20atrium%20auricular%20region,heart,UBERON:0000948,hepatocyte,CL:0000182,hepatocyte,CL:0000182,6
https://api.cellxgene.cziscience.com/dp/v1/collections/8c782494-01ed-491b-97b9-6f0d3b76c676#PH-F24$right%20atrium%20auricular%20region,heart,UBERON:0000948,hepatocyte,CL:0000182,hepatocyte,CL:0000182,1
https://api.cellxgene.cziscience.com/dp/v1/collections/8c782494-01ed-491b-97b9-6f0d3b76c676#PH-G23$right%20atrium%20auricular%20region,heart,UBERON:0000948,hepatocyte,CL:0000182,hepatocyte,CL:0000182,4
https://api.cellxgene.cziscience.com/dp/v1/collections/8c782494-01ed-491b-97b9-6f0d3b76c676#PH-G50$right%20atrium%20auricular%20region,heart,UBERON:0000948,hepatocyte,CL:0000182,hepatocyte,CL:0000182,4
https://api.cellxgene.cziscience.com/dp/v1/collections/8c782494-01ed-491b-97b9-6f0d3b76c676#PH-G54$right%20atrium%20auricular%20region,heart,UBERON:0000948,hepatocyte,CL:0000182,hepatocyte,CL:0000182,19
https://api.cellxgene.cziscience.com/dp/v1/collections/8c782494-01ed-491b-97b9-6f0d3b76c676#PH-H39$right%20atrium%20auricular%20region,heart,UBERON:0000948,hepatocyte,CL:0000182,hepatocyte,CL:0000182,55
https://api.cellxgene.cziscience.com/dp/v1/collections/8c782494-01ed-491b-97b9-6f0d3b76c676#PH-H91$right%20atrium%20auricular%20region,heart,UBERON:0000948,hepatocyte,CL:0000182,hepatocyte,CL:0000182,3
https://api.cellxgene.cziscience.com/dp/v1/collections/8c782494-01ed-491b-97b9-6f0d3b76c676#PH-I18$right%20atrium%20auricular%20region,heart,UBERON:0000948,hepatocyte,CL:0000182,hepatocyte,CL:0000182,135
https://api.cellxgene.cziscience.com/dp/v1/collections/8c782494-01ed-491b-97b9-6f0d3b76c676#PH-I28$right%20atrium%20auricular%20region,heart,UBERON:0000948,hepatocyte,CL:0000182,hepatocyte,CL:0000182,3
https://api.cellxgene.cziscience.com/dp/v1/collections/8c782494-01ed-491b-97b9-6f0d3b76c676#PH-I32$right%20atrium%20auricular%20region,heart,UBERON:0000948,hepatocyte,CL:0000182,hepatocyte,CL:0000182,1
https://api.cellxgene.cziscience.com/dp/v1/collections/8c782494-01ed-491b-97b9-6f0d3b76c676#PH-I52$right%20atrium%20auricular%20region,heart,UBERON:0000948,hepatocyte,CL:0000182,hepatocyte,CL:0000182,9
https://api.cellxgene.cziscience.com/dp/v1/collections/8c782494-01ed-491b-97b9-6f0d3b76c676#PH-J80$right%20atrium%20auricular%20region,heart,UBERON:0000948,hepatocyte,CL:0000182,hepatocyte,CL:0000182,45
https://api.cellxgene.cziscience.com/dp/v1/collections/8c782494-01ed-491b-97b9-6f0d3b76c676#PH-K47$right%20atrium%20auricular%20region,heart,UBERON:0000948,hepatocyte,CL:0000182,hepatocyte,CL:0000182,26
https://api.cellxgene.cziscience.com/dp/v1/collections/8c782494-01ed-491b-97b9-6f0d3b76c676#PH-K48$right%20atrium%20auricular%20region,heart,UBERON:0000948,hepatocyte,CL:0000182,hepatocyte,CL:0000182,18
https://api.cellxgene.cziscience.com/dp/v1/collections/8c782494-01ed-491b-97b9-6f0d3b76c676#PH-L16$right%20atrium%20auricular%20region,heart,UBERON:0000948,hepatocyte,CL:0000182,hepatocyte,CL:0000182,31
https://api.cellxgene.cziscience.com/dp/v1/collections/8c782494-01ed-491b-97b9-6f0d3b76c676#PH-M14$right%20atrium%20auricular%20region,heart,UBERON:0000948,hepatocyte,CL:0000182,hepatocyte,CL:0000182,27
https://api.cellxgene.cziscience.com/dp/v1/collections/8c782494-01ed-491b-97b9-6f0d3b76c676#PH-M22$right%20atrium%20auricular%20region,heart,UBERON:0000948,hepatocyte,CL:0000182,hepatocyte,CL:0000182,3
https://api.cellxgene.cziscience.com/dp/v1/collections/8c782494-01ed-491b-97b9-6f0d3b76c676#PH-M56$right%20atrium%20auricular%20region,heart,UBERON:0000948,hepatocyte,CL:0000182,hepatocyte,CL:0000182,1
https://api.cellxgene.cziscience.com/dp/v1/collections/8c782494-01ed-491b-97b9-6f0d3b76c676#PH-M57$right%20atrium%20auricular%20region,heart,UBERON:0000948,hepatocyte,CL:0000182,hepatocyte,CL:0000182,128
https://api.cellxgene.cziscience.com/dp/v1/collections/8c782494-01ed-491b-97b9-6f0d3b76c676#PH-N33$right%20atrium%20auricular%20region,heart,UBERON:0000948,hepatocyte,CL:0000182,hepatocyte,CL:0000182,63
https://api.cellxgene.cziscience.com/dp/v1/collections/8c782494-01ed-491b-97b9-6f0d3b76c676#PH-N57$right%20atrium%20auricular%20region,heart,UBERON:0000948,hepatocyte,CL:0000182,hepatocyte,CL:0000182,10
https://api.cellxgene.cziscience.com/dp/v1/collections/8c782494-01ed-491b-97b9-6f0d3b76c676#PH-O14$right%20atrium%20auricular%20region,heart,UBERON:0000948,hepatocyte,CL:0000182,hepatocyte,CL:0000182,33
https://api.cellxgene.cziscience.com/dp/v1/collections/8c782494-01ed-491b-97b9-6f0d3b76c676#PH-O28$right%20atrium%20auricular%20region,heart,UBERON:0000948,hepatocyte,CL:0000182,hepatocyte,CL:0000182,2
https://api.cellxgene.cziscience.com/dp/v1/collections/8c782494-01ed-491b-97b9-6f0d3b76c676#PH-P12$right%20atrium%20auricular%20region,heart,UBERON:0000948,hepatocyte,CL:0000182,hepatocyte,CL:0000182,8
https://api.cellxgene.cziscience.com/dp/v1/collections/8c782494-01ed-491b-97b9-6f0d3b76c676#PH-P77$right%20atrium%20auricular%20region,heart,UBERON:0000948,hepatocyte,CL:0000182,hepatocyte,CL:0000182,2
https://api.cellxgene.cziscience.com/dp/v1/collections/8c782494-01ed-491b-97b9-6f0d3b76c676#PH-P86$right%20atrium%20auricular%20region,heart,UBERON:0000948,hepatocyte,CL:0000182,hepatocyte,CL:0000182,10
https://api.cellxgene.cziscience.com/dp/v1/collections/8c782494-01ed-491b-97b9-6f0d3b76c676#PH-P96$right%20atrium%20auricular%20region,heart,UBERON:0000948,hepatocyte,CL:0000182,hepatocyte,CL:0000182,9
https://api.cellxgene.cziscience.com/dp/v1/collections/8c782494-01ed-491b-97b9-6f0d3b76c676#PH-Q25$right%20atrium%20auricular%20region,heart,UBERON:0000948,hepatocyte,CL:0000182,hepatocyte,CL:0000182,1
https://api.cellxgene.cziscience.com/dp/v1/collections/8c782494-01ed-491b-97b9-6f0d3b76c676#PH-Q52$right%20atrium%20auricular%20region,heart,UBERON:0000948,hepatocyte,CL:0000182,hepatocyte,CL:0000182,14
https://api.cellxgene.cziscience.com/dp/v1/collections/8c782494-01ed-491b-97b9-6f0d3b76c676#PH-R16$right%20atrium%20auricular%20region,heart,UBERON:0000948,hepatocyte,CL:0000182,hepatocyte,CL:0000182,65
https://api.cellxgene.cziscience.com/dp/v1/collections/8c782494-01ed-491b-97b9-6f0d3b76c676#PH-S79$right%20atrium%20auricular%20region,heart,UBERON:0000948,hepatocyte,CL:0000182,hepatocyte,CL:0000182,1
https://api.cellxgene.cziscience.com/dp/v1/collections/8c782494-01ed-491b-97b9-6f0d3b76c676#PH-T38$right%20atrium%20auricular%20region,heart,UBERON:0000948,hepatocyte,CL:0000182,hepatocyte,CL:0000182,227
https://api.cellxgene.cziscience.com/dp/v1/collections/8c782494-01ed-491b-97b9-6f0d3b76c676#PH-U41$right%20atrium%20auricular%20region,heart,UBERON:0000948,hepatocyte,CL:0000182,hepatocyte,CL:0000182,9
https://api.cellxgene.cziscience.com/dp/v1/collections/8c782494-01ed-491b-97b9-6f0d3b76c676#PH-U45$right%20atrium%20auricular%20region,heart,UBERON:0000948,hepatocyte,CL:0000182,hepatocyte,CL:0000182,17
https://api.cellxgene.cziscience.com/dp/v1/collections/8c782494-01ed-491b-97b9-6f0d3b76c676#PH-V28$right%20atrium%20auricular%20region,heart,UBERON:0000948,hepatocyte,CL:0000182,hepatocyte,CL:0000182,1
https://api.cellxgene.cziscience.com/dp/v1/collections/8c782494-01ed-491b-97b9-6f0d3b76c676#PH-V63$right%20atrium%20auricular%20region,heart,UBERON:0000948,hepatocyte,CL:0000182,hepatocyte,CL:0000182,28
https://api.cellxgene.cziscience.com/dp/v1/collections/8c782494-01ed-491b-97b9-6f0d3b76c676#PH-V77$right%20atrium%20auricular%20region,heart,UBERON:0000948,hepatocyte,CL:0000182,hepatocyte,CL:0000182,1
https://api.cellxgene.cziscience.com/dp/v1/collections/8c782494-01ed-491b-97b9-6f0d3b76c676#PH-W93$right%20atrium%20auricular%20region,heart,UBERON:0000948,hepatocyte,CL:0000182,hepatocyte,CL:0000182,8
https://api.cellxgene.cziscience.com/dp/v1/collections/8c782494-01ed-491b-97b9-6f0d3b76c676#PH-X61$right%20atrium%20auricular%20region,heart,UBERON:0000948,hepatocyte,CL:0000182,hepatocyte,CL:0000182,28
https://api.cellxgene.cziscience.com/dp/v1/collections/8c782494-01ed-491b-97b9-6f0d3b76c676#PH-Y03$right%20atrium%20auricular%20region,heart,UBERON:0000948,hepatocyte,CL:0000182,hepatocyte,CL:0000182,73
https://api.cellxgene.cziscience.com/dp/v1/collections/8c782494-01ed-491b-97b9-6f0d3b76c676#PH-Y87$right%20atrium%20auricular%20region,heart,UBERON:0000948,hepatocyte,CL:0000182,hepatocyte,CL:0000182,1
https://api.cellxgene.cziscience.com/dp/v1/collections/8c782494-01ed-491b-97b9-6f0d3b76c676#PH-Z51$right%20atrium%20auricular%20region,heart,UBERON:0000948,hepatocyte,CL:0000182,hepatocyte,CL:0000182,29
https://api.cellxgene.cziscience.com/dp/v1/collections/e75342a8-0f3b-4ec5-8ee1-245a23e0f7cb#D1$heart%20right%20ventricle,heart,UBERON:0000948,hepatocyte,CL:0000182,hepatocyte,CL:0000182,46
https://api.cellxgene.cziscience.com/dp/v1/collections/e75342a8-0f3b-4ec5-8ee1-245a23e0f7cb#D2$heart%20left%20ventricle,heart,UBERON:0000948,hepatocyte,CL:0000182,hepatocyte,CL:0000182,225
https://api.cellxgene.cziscience.com/dp/v1/collections/e75342a8-0f3b-4ec5-8ee1-245a23e0f7cb#D2$heart%20right%20ventricle,heart,UBERON:0000948,hepatocyte,CL:0000182,hepatocyte,CL:0000182,63
https://api.cellxgene.cziscience.com/dp/v1/collections/e75342a8-0f3b-4ec5-8ee1-245a23e0f7cb#D4$heart%20left%20ventricle,heart,UBERON:0000948,hepatocyte,CL:0000182,hepatocyte,CL:0000182,258
https://api.cellxgene.cziscience.com/dp/v1/collections/e75342a8-0f3b-4ec5-8ee1-245a23e0f7cb#D4$heart%20right%20ventricle,heart,UBERON:0000948,hepatocyte,CL:0000182,hepatocyte,CL:0000182,104
https://api.cellxgene.cziscience.com/dp/v1/collections/e75342a8-0f3b-4ec5-8ee1-245a23e0f7cb#D5$heart%20left%20ventricle,heart,UBERON:0000948,hepatocyte,CL:0000182,hepatocyte,CL:0000182,280
https://api.cellxgene.cziscience.com/dp/v1/collections/e75342a8-0f3b-4ec5-8ee1-245a23e0f7cb#D5$heart%20right%20ventricle,heart,UBERON:0000948,hepatocyte,CL:0000182,hepatocyte,CL:0000182,141
https://api.cellxgene.cziscience.com/dp/v1/collections/e75342a8-0f3b-4ec5-8ee1-245a23e0f7cb#D6$heart%20left%20ventricle,heart,UBERON:0000948,hepatocyte,CL:0000182,hepatocyte,CL:0000182,14
https://api.cellxgene.cziscience.com/dp/v1/collections/e75342a8-0f3b-4ec5-8ee1-245a23e0f7cb#D6$heart%20right%20ventricle,heart,UBERON:0000948,hepatocyte,CL:0000182,hepatocyte,CL:0000182,23
https://api.cellxgene.cziscience.com/dp/v1/collections/e75342a8-0f3b-4ec5-8ee1-245a23e0f7cb#D7$heart%20left%20ventricle,heart,UBERON:0000948,hepatocyte,CL:0000182,hepatocyte,CL:0000182,235
https://api.cellxgene.cziscience.com/dp/v1/collections/e75342a8-0f3b-4ec5-8ee1-245a23e0f7cb#D7$heart%20right%20ventricle,heart,UBERON:0000948,hepatocyte,CL:0000182,hepatocyte,CL:0000182,8
https://api.cellxgene.cziscience.com/dp/v1/collections/e75342a8-0f3b-4ec5-8ee1-245a23e0f7cb#H06$heart%20left%20ventricle,heart,UBERON:0000948,hepatocyte,CL:0000182,hepatocyte,CL:0000182,40
https://api.cellxgene.cziscience.com/dp/v1/collections/e75342a8-0f3b-4ec5-8ee1-245a23e0f7cb#H06$heart%20right%20ventricle,heart,UBERON:0000948,hepatocyte,CL:0000182,hepatocyte,CL:0000182,61
https://api.cellxgene.cziscience.com/dp/v1/collections/e75342a8-0f3b-4ec5-8ee1-245a23e0f7cb#H06$interventricular%20septum,heart,UBERON:0000948,hepatocyte,CL:0000182,hepatocyte,CL:0000182,64
https://api.cellxgene.cziscience.com/dp/v1/collections/e75342a8-0f3b-4ec5-8ee1-245a23e0f7cb#H14$heart%20left%20ventricle,heart,UBERON:0000948,hepatocyte,CL:0000182,hepatocyte,CL:0000182,42
https://api.cellxgene.cziscience.com/dp/v1/collections/e75342a8-0f3b-4ec5-8ee1-245a23e0f7cb#H14$heart%20right%20ventricle,heart,UBERON:0000948,hepatocyte,CL:0000182,hepatocyte,CL:0000182,48
https://api.cellxgene.cziscience.com/dp/v1/collections/e75342a8-0f3b-4ec5-8ee1-245a23e0f7cb#H14$interventricular%20septum,heart,UBERON:0000948,hepatocyte,CL:0000182,hepatocyte,CL:0000182,39
https://api.cellxgene.cziscience.com/dp/v1/collections/e75342a8-0f3b-4ec5-8ee1-245a23e0f7cb#H18$heart%20left%20ventricle,heart,UBERON:0000948,hepatocyte,CL:0000182,hepatocyte,CL:0000182,63
https://api.cellxgene.cziscience.com/dp/v1/collections/e75342a8-0f3b-4ec5-8ee1-245a23e0f7cb#H28$heart%20left%20ventricle,heart,UBERON:0000948,hepatocyte,CL:0000182,hepatocyte,CL:0000182,57
https://api.cellxgene.cziscience.com/dp/v1/collections/e75342a8-0f3b-4ec5-8ee1-245a23e0f7cb#H28$heart%20right%20ventricle,heart,UBERON:0000948,hepatocyte,CL:0000182,hepatocyte,CL:0000182,59
https://api.cellxgene.cziscience.com/dp/v1/collections/e75342a8-0f3b-4ec5-8ee1-245a23e0f7cb#H28$interventricular%20septum,heart,UBERON:0000948,hepatocyte,CL:0000182,hepatocyte,CL:0000182,58
https://api.cellxgene.cziscience.com/dp/v1/collections/e75342a8-0f3b-4ec5-8ee1-245a23e0f7cb#H34$heart%20left%20ventricle,heart,UBERON:0000948,hepatocyte,CL:0000182,hepatocyte,CL:0000182,10
https://api.cellxgene.cziscience.com/dp/v1/collections/e75342a8-0f3b-4ec5-8ee1-245a23e0f7cb#H34$heart%20right%20ventricle,heart,UBERON:0000948,hepatocyte,CL:0000182,hepatocyte,CL:0000182,15
https://api.cellxgene.cziscience.com/dp/v1/collections/e75342a8-0f3b-4ec5-8ee1-245a23e0f7cb#H34$interventricular%20septum,heart,UBERON:0000948,hepatocyte,CL:0000182,hepatocyte,CL:0000182,1
https://api.cellxgene.cziscience.com/dp/v1/collections/e75342a8-0f3b-4ec5-8ee1-245a23e0f7cb#H36$heart%20left%20ventricle,heart,UBERON:0000948,hepatocyte,CL:0000182,hepatocyte,CL:0000182,20
https://api.cellxgene.cziscience.com/dp/v1/collections/e75342a8-0f3b-4ec5-8ee1-245a23e0f7cb#H36$heart%20right%20ventricle,heart,UBERON:0000948,hepatocyte,CL:0000182,hepatocyte,CL:0000182,33
https://api.cellxgene.cziscience.com/dp/v1/collections/e75342a8-0f3b-4ec5-8ee1-245a23e0f7cb#H37$heart%20left%20ventricle,heart,UBERON:0000948,hepatocyte,CL:0000182,hepatocyte,CL:0000182,27
https://api.cellxgene.cziscience.com/dp/v1/collections/e75342a8-0f3b-4ec5-8ee1-245a23e0f7cb#H37$interventricular%20septum,heart,UBERON:0000948,hepatocyte,CL:0000182,hepatocyte,CL:0000182,30
https://api.cellxgene.cziscience.com/dp/v1/collections/e75342a8-0f3b-4ec5-8ee1-245a23e0f7cb#H51$heart%20left%20ventricle,heart,UBERON:0000948,hepatocyte,CL:0000182,hepatocyte,CL:0000182,39
https://api.cellxgene.cziscience.com/dp/v1/collections/e75342a8-0f3b-4ec5-8ee1-245a23e0f7cb#H51$interventricular%20septum,heart,UBERON:0000948,hepatocyte,CL:0000182,hepatocyte,CL:0000182,12
https://api.cellxgene.cziscience.com/dp/v1/collections/e75342a8-0f3b-4ec5-8ee1-245a23e0f7cb#H53$heart%20left%20ventricle,heart,UBERON:0000948,hepatocyte,CL:0000182,hepatocyte,CL:0000182,21
https://api.cellxgene.cziscience.com/dp/v1/collections/e75342a8-0f3b-4ec5-8ee1-245a23e0f7cb#H53$heart%20right%20ventricle,heart,UBERON:0000948,hepatocyte,CL:0000182,hepatocyte,CL:0000182,17
https://api.cellxgene.cziscience.com/dp/v1/collections/e75342a8-0f3b-4ec5-8ee1-245a23e0f7cb#H53$interventricular%20septum,heart,UBERON:0000948,hepatocyte,CL:0000182,hepatocyte,CL:0000182,25
https://api.cellxgene.cziscience.com/dp/v1/collections/e75342a8-0f3b-4ec5-8ee1-245a23e0f7cb#H78$heart%20right%20ventricle,heart,UBERON:0000948,hepatocyte,CL:0000182,hepatocyte,CL:0000182,46
https://api.cellxgene.cziscience.com/dp/v1/collections/e75342a8-0f3b-4ec5-8ee1-245a23e0f7cb#H78$interventricular%20septum,heart,UBERON:0000948,hepatocyte,CL:0000182,hepatocyte,CL:0000182,31
https://api.cellxgene.cziscience.com/dp/v1/collections/e75342a8-0f3b-4ec5-8ee1-245a23e0f7cb#H84$heart%20left%20ventricle,heart,UBERON:0000948,hepatocyte,CL:0000182,hepatocyte,CL:0000182,84
https://api.cellxgene.cziscience.com/dp/v1/collections/e75342a8-0f3b-4ec5-8ee1-245a23e0f7cb#H84$heart%20right%20ventricle,heart,UBERON:0000948,hepatocyte,CL:0000182,hepatocyte,CL:0000182,98
https://api.cellxgene.cziscience.com/dp/v1/collections/e75342a8-0f3b-4ec5-8ee1-245a23e0f7cb#H84$interventricular%20septum,heart,UBERON:0000948,hepatocyte,CL:0000182,hepatocyte,CL:0000182,97
https://api.cellxgene.cziscience.com/dp/v1/collections/e75342a8-0f3b-4ec5-8ee1-245a23e0f7cb#IC_H01$heart%20left%20ventricle,heart,UBERON:0000948,hepatocyte,CL:0000182,hepatocyte,CL:0000182,7
https://api.cellxgene.cziscience.com/dp/v1/collections/e75342a8-0f3b-4ec5-8ee1-245a23e0f7cb#IC_H02$heart%20left%20ventricle,heart,UBERON:0000948,hepatocyte,CL:0000182,hepatocyte,CL:0000182,112
https://api.cellxgene.cziscience.com/dp/v1/collections/e75342a8-0f3b-4ec5-8ee1-245a23e0f7cb#IC_H03$heart%20left%20ventricle,heart,UBERON:0000948,hepatocyte,CL:0000182,hepatocyte,CL:0000182,59
https://api.cellxgene.cziscience.com/dp/v1/collections/e75342a8-0f3b-4ec5-8ee1-245a23e0f7cb#IC_H04$heart%20left%20ventricle,heart,UBERON:0000948,hepatocyte,CL:0000182,hepatocyte,CL:0000182,7
https://api.cellxgene.cziscience.com/dp/v1/collections/e75342a8-0f3b-4ec5-8ee1-245a23e0f7cb#IC_H04$heart%20right%20ventricle,heart,UBERON:0000948,hepatocyte,CL:0000182,hepatocyte,CL:0000182,7
https://api.cellxgene.cziscience.com/dp/v1/collections/b52eb423-5d0d-4645-b217-e1c6d38b2e72#D11$right%20cardiac%20atrium,heart,UBERON:0000948,hepatocyte,CL:0000182,hepatocyte,CL:0000182,3
https://api.cellxgene.cziscience.com/dp/v1/collections/b52eb423-5d0d-4645-b217-e1c6d38b2e72#D4$right%20cardiac%20atrium,heart,UBERON:0000948,hepatocyte,CL:0000182,hepatocyte,CL:0000182,130
https://api.cellxgene.cziscience.com/dp/v1/collections/b52eb423-5d0d-4645-b217-e1c6d38b2e72#D5$right%20cardiac%20atrium,heart,UBERON:0000948,hepatocyte,CL:0000182,hepatocyte,CL:0000182,256
https://api.cellxgene.cziscience.com/dp/v1/collections/b52eb423-5d0d-4645-b217-e1c6d38b2e72#H5$right%20cardiac%20atrium,heart,UBERON:0000948,hepatocyte,CL:0000182,hepatocyte,CL:0000182,4
https://api.cellxgene.cziscience.com/dp/v1/collections/b52eb423-5d0d-4645-b217-e1c6d38b2e72#H6$right%20cardiac%20atrium,heart,UBERON:0000948,hepatocyte,CL:0000182,hepatocyte,CL:0000182,14
https://api.cellxgene.cziscience.com/dp/v1/collections/b52eb423-5d0d-4645-b217-e1c6d38b2e72#H7$left%20cardiac%20atrium,heart,UBERON:0000948,hepatocyte,CL:0000182,hepatocyte,CL:0000182,34
https://api.cellxgene.cziscience.com/dp/v1/collections/b52eb423-5d0d-4645-b217-e1c6d38b2e72#H7$right%20cardiac%20atrium,heart,UBERON:0000948,hepatocyte,CL:0000182,hepatocyte,CL:0000182,15
https://api.cellxgene.cziscience.com/dp/v1/collections/e75342a8-0f3b-4ec5-8ee1-245a23e0f7cb#D1$heart%20left%20ventricle,heart,UBERON:0000948,hepatocyte,CL:0000182,hepatocyte,CL:0000182,75
https://api.cellxgene.cziscience.com/dp/v1/collections/e75342a8-0f3b-4ec5-8ee1-245a23e0f7cb#H01$heart%20left%20ventricle,heart,UBERON:0000948,hepatocyte,CL:0000182,hepatocyte,CL:0000182,71
https://api.cellxgene.cziscience.com/dp/v1/collections/e75342a8-0f3b-4ec5-8ee1-245a23e0f7cb#H01$heart%20right%20ventricle,heart,UBERON:0000948,hepatocyte,CL:0000182,hepatocyte,CL:0000182,97
https://api.cellxgene.cziscience.com/dp/v1/collections/e75342a8-0f3b-4ec5-8ee1-245a23e0f7cb#H01$interventricular%20septum,heart,UBERON:0000948,hepatocyte,CL:0000182,hepatocyte,CL:0000182,46
https://api.cellxgene.cziscience.com/dp/v1/collections/e75342a8-0f3b-4ec5-8ee1-245a23e0f7cb#H02$heart%20left%20ventricle,heart,UBERON:0000948,hepatocyte,CL:0000182,hepatocyte,CL:0000182,187
https://api.cellxgene.cziscience.com/dp/v1/collections/e75342a8-0f3b-4ec5-8ee1-245a23e0f7cb#H02$heart%20right%20ventricle,heart,UBERON:0000948,hepatocyte,CL:0000182,hepatocyte,CL:0000182,90
https://api.cellxgene.cziscience.com/dp/v1/collections/e75342a8-0f3b-4ec5-8ee1-245a23e0f7cb#H02$interventricular%20septum,heart,UBERON:0000948,hepatocyte,CL:0000182,hepatocyte,CL:0000182,177
https://api.cellxgene.cziscience.com/dp/v1/collections/e75342a8-0f3b-4ec5-8ee1-245a23e0f7cb#H03$heart%20left%20ventricle,heart,UBERON:0000948,hepatocyte,CL:0000182,hepatocyte,CL:0000182,129
https://api.cellxgene.cziscience.com/dp/v1/collections/e75342a8-0f3b-4ec5-8ee1-245a23e0f7cb#H03$heart%20right%20ventricle,heart,UBERON:0000948,hepatocyte,CL:0000182,hepatocyte,CL:0000182,93
https://api.cellxgene.cziscience.com/dp/v1/collections/e75342a8-0f3b-4ec5-8ee1-245a23e0f7cb#H03$interventricular%20septum,heart,UBERON:0000948,hepatocyte,CL:0000182,hepatocyte,CL:0000182,160
https://api.cellxgene.cziscience.com/dp/v1/collections/e75342a8-0f3b-4ec5-8ee1-245a23e0f7cb#H04$heart%20left%20ventricle,heart,UBERON:0000948,hepatocyte,CL:0000182,hepatocyte,CL:0000182,38
https://api.cellxgene.cziscience.com/dp/v1/collections/e75342a8-0f3b-4ec5-8ee1-245a23e0f7cb#H05$heart%20left%20ventricle,heart,UBERON:0000948,hepatocyte,CL:0000182,hepatocyte,CL:0000182,61
https://api.cellxgene.cziscience.com/dp/v1/collections/e75342a8-0f3b-4ec5-8ee1-245a23e0f7cb#H07$heart%20left%20ventricle,heart,UBERON:0000948,hepatocyte,CL:0000182,hepatocyte,CL:0000182,52
https://api.cellxgene.cziscience.com/dp/v1/collections/e75342a8-0f3b-4ec5-8ee1-245a23e0f7cb#H07$heart%20right%20ventricle,heart,UBERON:0000948,hepatocyte,CL:0000182,hepatocyte,CL:0000182,142
https://api.cellxgene.cziscience.com/dp/v1/collections/e75342a8-0f3b-4ec5-8ee1-245a23e0f7cb#H07$interventricular%20septum,heart,UBERON:0000948,hepatocyte,CL:0000182,hepatocyte,CL:0000182,68
https://api.cellxgene.cziscience.com/dp/v1/collections/e75342a8-0f3b-4ec5-8ee1-245a23e0f7cb#H08$heart%20left%20ventricle,heart,UBERON:0000948,hepatocyte,CL:0000182,hepatocyte,CL:0000182,134
https://api.cellxgene.cziscience.com/dp/v1/collections/e75342a8-0f3b-4ec5-8ee1-245a23e0f7cb#H08$heart%20right%20ventricle,heart,UBERON:0000948,hepatocyte,CL:0000182,hepatocyte,CL:0000182,98
https://api.cellxgene.cziscience.com/dp/v1/collections/e75342a8-0f3b-4ec5-8ee1-245a23e0f7cb#H08$interventricular%20septum,heart,UBERON:0000948,hepatocyte,CL:0000182,hepatocyte,CL:0000182,47
https://api.cellxgene.cziscience.com/dp/v1/collections/e75342a8-0f3b-4ec5-8ee1-245a23e0f7cb#H09$heart%20left%20ventricle,heart,UBERON:0000948,hepatocyte,CL:0000182,hepatocyte,CL:0000182,52
https://api.cellxgene.cziscience.com/dp/v1/collections/e75342a8-0f3b-4ec5-8ee1-245a23e0f7cb#H09$heart%20right%20ventricle,heart,UBERON:0000948,hepatocyte,CL:0000182,hepatocyte,CL:0000182,94
https://api.cellxgene.cziscience.com/dp/v1/collections/e75342a8-0f3b-4ec5-8ee1-245a23e0f7cb#H09$interventricular%20septum,heart,UBERON:0000948,hepatocyte,CL:0000182,hepatocyte,CL:0000182,45
https://api.cellxgene.cziscience.com/dp/v1/collections/e75342a8-0f3b-4ec5-8ee1-245a23e0f7cb#H10$heart%20left%20ventricle,heart,UBERON:0000948,hepatocyte,CL:0000182,hepatocyte,CL:0000182,25
https://api.cellxgene.cziscience.com/dp/v1/collections/e75342a8-0f3b-4ec5-8ee1-245a23e0f7cb#H10$heart%20right%20ventricle,heart,UBERON:0000948,hepatocyte,CL:0000182,hepatocyte,CL:0000182,50
https://api.cellxgene.cziscience.com/dp/v1/collections/e75342a8-0f3b-4ec5-8ee1-245a23e0f7cb#H10$interventricular%20septum,heart,UBERON:0000948,hepatocyte,CL:0000182,hepatocyte,CL:0000182,50
https://api.cellxgene.cziscience.com/dp/v1/collections/e75342a8-0f3b-4ec5-8ee1-245a23e0f7cb#H12$heart%20left%20ventricle,heart,UBERON:0000948,hepatocyte,CL:0000182,hepatocyte,CL:0000182,23
https://api.cellxgene.cziscience.com/dp/v1/collections/e75342a8-0f3b-4ec5-8ee1-245a23e0f7cb#H12$heart%20right%20ventricle,heart,UBERON:0000948,hepatocyte,CL:0000182,hepatocyte,CL:0000182,44
https://api.cellxgene.cziscience.com/dp/v1/collections/e75342a8-0f3b-4ec5-8ee1-245a23e0f7cb#H12$interventricular%20septum,heart,UBERON:0000948,hepatocyte,CL:0000182,hepatocyte,CL:0000182,38
https://api.cellxgene.cziscience.com/dp/v1/collections/e75342a8-0f3b-4ec5-8ee1-245a23e0f7cb#H13$heart%20left%20ventricle,heart,UBERON:0000948,hepatocyte,CL:0000182,hepatocyte,CL:0000182,48
https://api.cellxgene.cziscience.com/dp/v1/collections/e75342a8-0f3b-4ec5-8ee1-245a23e0f7cb#H13$heart%20right%20ventricle,heart,UBERON:0000948,hepatocyte,CL:0000182,hepatocyte,CL:0000182,65
https://api.cellxgene.cziscience.com/dp/v1/collections/e75342a8-0f3b-4ec5-8ee1-245a23e0f7cb#H13$interventricular%20septum,heart,UBERON:0000948,hepatocyte,CL:0000182,hepatocyte,CL:0000182,48
https://api.cellxgene.cziscience.com/dp/v1/collections/e75342a8-0f3b-4ec5-8ee1-245a23e0f7cb#H15$heart%20right%20ventricle,heart,UBERON:0000948,hepatocyte,CL:0000182,hepatocyte,CL:0000182,126
https://api.cellxgene.cziscience.com/dp/v1/collections/e75342a8-0f3b-4ec5-8ee1-245a23e0f7cb#H15$interventricular%20septum,heart,UBERON:0000948,hepatocyte,CL:0000182,hepatocyte,CL:0000182,58
https://api.cellxgene.cziscience.com/dp/v1/collections/e75342a8-0f3b-4ec5-8ee1-245a23e0f7cb#H16$heart%20left%20ventricle,heart,UBERON:0000948,hepatocyte,CL:0000182,hepatocyte,CL:0000182,30
https://api.cellxgene.cziscience.com/dp/v1/collections/e75342a8-0f3b-4ec5-8ee1-245a23e0f7cb#H17$heart%20left%20ventricle,heart,UBERON:0000948,hepatocyte,CL:0000182,hepatocyte,CL:0000182,45
https://api.cellxgene.cziscience.com/dp/v1/collections/e75342a8-0f3b-4ec5-8ee1-245a23e0f7cb#H19$heart%20left%20ventricle,heart,UBERON:0000948,hepatocyte,CL:0000182,hepatocyte,CL:0000182,56
https://api.cellxgene.cziscience.com/dp/v1/collections/e75342a8-0f3b-4ec5-8ee1-245a23e0f7cb#H19$heart%20right%20ventricle,heart,UBERON:0000948,hepatocyte,CL:0000182,hepatocyte,CL:0000182,56
https://api.cellxgene.cziscience.com/dp/v1/collections/e75342a8-0f3b-4ec5-8ee1-245a23e0f7cb#H19$interventricular%20septum,heart,UBERON:0000948,hepatocyte,CL:0000182,hepatocyte,CL:0000182,49
https://api.cellxgene.cziscience.com/dp/v1/collections/e75342a8-0f3b-4ec5-8ee1-245a23e0f7cb#H20$heart%20left%20ventricle,heart,UBERON:0000948,hepatocyte,CL:0000182,hepatocyte,CL:0000182,35
https://api.cellxgene.cziscience.com/dp/v1/collections/e75342a8-0f3b-4ec5-8ee1-245a23e0f7cb#H20$heart%20right%20ventricle,heart,UBERON:0000948,hepatocyte,CL:0000182,hepatocyte,CL:0000182,107
https://api.cellxgene.cziscience.com/dp/v1/collections/e75342a8-0f3b-4ec5-8ee1-245a23e0f7cb#H21$heart%20left%20ventricle,heart,UBERON:0000948,hepatocyte,CL:0000182,hepatocyte,CL:0000182,24
https://api.cellxgene.cziscience.com/dp/v1/collections/e75342a8-0f3b-4ec5-8ee1-245a23e0f7cb#H22$heart%20left%20ventricle,heart,UBERON:0000948,hepatocyte,CL:0000182,hepatocyte,CL:0000182,36
https://api.cellxgene.cziscience.com/dp/v1/collections/e75342a8-0f3b-4ec5-8ee1-245a23e0f7cb#H22$heart%20right%20ventricle,heart,UBERON:0000948,hepatocyte,CL:0000182,hepatocyte,CL:0000182,62
https://api.cellxgene.cziscience.com/dp/v1/collections/e75342a8-0f3b-4ec5-8ee1-245a23e0f7cb#H22$interventricular%20septum,heart,UBERON:0000948,hepatocyte,CL:0000182,hepatocyte,CL:0000182,20
https://api.cellxgene.cziscience.com/dp/v1/collections/e75342a8-0f3b-4ec5-8ee1-245a23e0f7cb#H24$heart%20left%20ventricle,heart,UBERON:0000948,hepatocyte,CL:0000182,hepatocyte,CL:0000182,125
https://api.cellxgene.cziscience.com/dp/v1/collections/e75342a8-0f3b-4ec5-8ee1-245a23e0f7cb#H24$heart%20right%20ventricle,heart,UBERON:0000948,hepatocyte,CL:0000182,hepatocyte,CL:0000182,46
https://api.cellxgene.cziscience.com/dp/v1/collections/e75342a8-0f3b-4ec5-8ee1-245a23e0f7cb#H24$interventricular%20septum,heart,UBERON:0000948,hepatocyte,CL:0000182,hepatocyte,CL:0000182,19
https://api.cellxgene.cziscience.com/dp/v1/collections/e75342a8-0f3b-4ec5-8ee1-245a23e0f7cb#H25$heart%20left%20ventricle,heart,UBERON:0000948,hepatocyte,CL:0000182,hepatocyte,CL:0000182,20
https://api.cellxgene.cziscience.com/dp/v1/collections/e75342a8-0f3b-4ec5-8ee1-245a23e0f7cb#H25$heart%20right%20ventricle,heart,UBERON:0000948,hepatocyte,CL:0000182,hepatocyte,CL:0000182,113
https://api.cellxgene.cziscience.com/dp/v1/collections/e75342a8-0f3b-4ec5-8ee1-245a23e0f7cb#H25$interventricular%20septum,heart,UBERON:0000948,hepatocyte,CL:0000182,hepatocyte,CL:0000182,29
https://api.cellxgene.cziscience.com/dp/v1/collections/e75342a8-0f3b-4ec5-8ee1-245a23e0f7cb#H27$heart%20left%20ventricle,heart,UBERON:0000948,hepatocyte,CL:0000182,hepatocyte,CL:0000182,16
https://api.cellxgene.cziscience.com/dp/v1/collections/e75342a8-0f3b-4ec5-8ee1-245a23e0f7cb#H27$heart%20right%20ventricle,heart,UBERON:0000948,hepatocyte,CL:0000182,hepatocyte,CL:0000182,64
https://api.cellxgene.cziscience.com/dp/v1/collections/e75342a8-0f3b-4ec5-8ee1-245a23e0f7cb#H27$interventricular%20septum,heart,UBERON:0000948,hepatocyte,CL:0000182,hepatocyte,CL:0000182,13
https://api.cellxgene.cziscience.com/dp/v1/collections/e75342a8-0f3b-4ec5-8ee1-245a23e0f7cb#H29$heart%20left%20ventricle,heart,UBERON:0000948,hepatocyte,CL:0000182,hepatocyte,CL:0000182,26
https://api.cellxgene.cziscience.com/dp/v1/collections/e75342a8-0f3b-4ec5-8ee1-245a23e0f7cb#H29$heart%20right%20ventricle,heart,UBERON:0000948,hepatocyte,CL:0000182,hepatocyte,CL:0000182,75
https://api.cellxgene.cziscience.com/dp/v1/collections/e75342a8-0f3b-4ec5-8ee1-245a23e0f7cb#H29$interventricular%20septum,heart,UBERON:0000948,hepatocyte,CL:0000182,hepatocyte,CL:0000182,62
https://api.cellxgene.cziscience.com/dp/v1/collections/e75342a8-0f3b-4ec5-8ee1-245a23e0f7cb#H31$heart%20left%20ventricle,heart,UBERON:0000948,hepatocyte,CL:0000182,hepatocyte,CL:0000182,26
https://api.cellxgene.cziscience.com/dp/v1/collections/e75342a8-0f3b-4ec5-8ee1-245a23e0f7cb#H31$heart%20right%20ventricle,heart,UBERON:0000948,hepatocyte,CL:0000182,hepatocyte,CL:0000182,9
https://api.cellxgene.cziscience.com/dp/v1/collections/e75342a8-0f3b-4ec5-8ee1-245a23e0f7cb#H31$interventricular%20septum,heart,UBERON:0000948,hepatocyte,CL:0000182,hepatocyte,CL:0000182,13
https://api.cellxgene.cziscience.com/dp/v1/collections/e75342a8-0f3b-4ec5-8ee1-245a23e0f7cb#H32$heart%20left%20ventricle,heart,UBERON:0000948,hepatocyte,CL:0000182,hepatocyte,CL:0000182,43
https://api.cellxgene.cziscience.com/dp/v1/collections/e75342a8-0f3b-4ec5-8ee1-245a23e0f7cb#H35$heart%20left%20ventricle,heart,UBERON:0000948,hepatocyte,CL:0000182,hepatocyte,CL:0000182,47
https://api.cellxgene.cziscience.com/dp/v1/collections/e75342a8-0f3b-4ec5-8ee1-245a23e0f7cb#H35$heart%20right%20ventricle,heart,UBERON:0000948,hepatocyte,CL:0000182,hepatocyte,CL:0000182,34
https://api.cellxgene.cziscience.com/dp/v1/collections/e75342a8-0f3b-4ec5-8ee1-245a23e0f7cb#H35$interventricular%20septum,heart,UBERON:0000948,hepatocyte,CL:0000182,hepatocyte,CL:0000182,29
https://api.cellxgene.cziscience.com/dp/v1/collections/e75342a8-0f3b-4ec5-8ee1-245a23e0f7cb#H39$heart%20left%20ventricle,heart,UBERON:0000948,hepatocyte,CL:0000182,hepatocyte,CL:0000182,8
https://api.cellxgene.cziscience.com/dp/v1/collections/e75342a8-0f3b-4ec5-8ee1-245a23e0f7cb#H39$heart%20right%20ventricle,heart,UBERON:0000948,hepatocyte,CL:0000182,hepatocyte,CL:0000182,4
https://api.cellxgene.cziscience.com/dp/v1/collections/e75342a8-0f3b-4ec5-8ee1-245a23e0f7cb#H40$interventricular%20septum,heart,UBERON:0000948,hepatocyte,CL:0000182,hepatocyte,CL:0000182,18
https://api.cellxgene.cziscience.com/dp/v1/collections/e75342a8-0f3b-4ec5-8ee1-245a23e0f7cb#H41$heart%20left%20ventricle,heart,UBERON:0000948,hepatocyte,CL:0000182,hepatocyte,CL:0000182,36
https://api.cellxgene.cziscience.com/dp/v1/collections/e75342a8-0f3b-4ec5-8ee1-245a23e0f7cb#H41$heart%20right%20ventricle,heart,UBERON:0000948,hepatocyte,CL:0000182,hepatocyte,CL:0000182,62
https://api.cellxgene.cziscience.com/dp/v1/collections/e75342a8-0f3b-4ec5-8ee1-245a23e0f7cb#H41$interventricular%20septum,heart,UBERON:0000948,hepatocyte,CL:0000182,hepatocyte,CL:0000182,37
https://api.cellxgene.cziscience.com/dp/v1/collections/e75342a8-0f3b-4ec5-8ee1-245a23e0f7cb#H42$heart%20left%20ventricle,heart,UBERON:0000948,hepatocyte,CL:0000182,hepatocyte,CL:0000182,21
https://api.cellxgene.cziscience.com/dp/v1/collections/e75342a8-0f3b-4ec5-8ee1-245a23e0f7cb#H42$interventricular%20septum,heart,UBERON:0000948,hepatocyte,CL:0000182,hepatocyte,CL:0000182,25
https://api.cellxgene.cziscience.com/dp/v1/collections/e75342a8-0f3b-4ec5-8ee1-245a23e0f7cb#H44$heart%20left%20ventricle,heart,UBERON:0000948,hepatocyte,CL:0000182,hepatocyte,CL:0000182,25
https://api.cellxgene.cziscience.com/dp/v1/collections/e75342a8-0f3b-4ec5-8ee1-245a23e0f7cb#H46$heart%20left%20ventricle,heart,UBERON:0000948,hepatocyte,CL:0000182,hepatocyte,CL:0000182,170
https://api.cellxgene.cziscience.com/dp/v1/collections/e75342a8-0f3b-4ec5-8ee1-245a23e0f7cb#H46$interventricular%20septum,heart,UBERON:0000948,hepatocyte,CL:0000182,hepatocyte,CL:0000182,129
https://api.cellxgene.cziscience.com/dp/v1/collections/e75342a8-0f3b-4ec5-8ee1-245a23e0f7cb#H49$heart%20left%20ventricle,heart,UBERON:0000948,hepatocyte,CL:0000182,hepatocyte,CL:0000182,52
https://api.cellxgene.cziscience.com/dp/v1/collections/e75342a8-0f3b-4ec5-8ee1-245a23e0f7cb#H49$heart%20right%20ventricle,heart,UBERON:0000948,hepatocyte,CL:0000182,hepatocyte,CL:0000182,28
https://api.cellxgene.cziscience.com/dp/v1/collections/e75342a8-0f3b-4ec5-8ee1-245a23e0f7cb#H49$interventricular%20septum,heart,UBERON:0000948,hepatocyte,CL:0000182,hepatocyte,CL:0000182,51
https://api.cellxgene.cziscience.com/dp/v1/collections/e75342a8-0f3b-4ec5-8ee1-245a23e0f7cb#H55$heart%20left%20ventricle,heart,UBERON:0000948,hepatocyte,CL:0000182,hepatocyte,CL:0000182,49
https://api.cellxgene.cziscience.com/dp/v1/collections/e75342a8-0f3b-4ec5-8ee1-245a23e0f7cb#H55$heart%20right%20ventricle,heart,UBERON:0000948,hepatocyte,CL:0000182,hepatocyte,CL:0000182,37
https://api.cellxgene.cziscience.com/dp/v1/collections/e75342a8-0f3b-4ec5-8ee1-245a23e0f7cb#H55$interventricular%20septum,heart,UBERON:0000948,hepatocyte,CL:0000182,hepatocyte,CL:0000182,43
https://api.cellxgene.cziscience.com/dp/v1/collections/e75342a8-0f3b-4ec5-8ee1-245a23e0f7cb#H56$heart%20left%20ventricle,heart,UBERON:0000948,hepatocyte,CL:0000182,hepatocyte,CL:0000182,74
https://api.cellxgene.cziscience.com/dp/v1/collections/e75342a8-0f3b-4ec5-8ee1-245a23e0f7cb#H57$heart%20left%20ventricle,heart,UBERON:0000948,hepatocyte,CL:0000182,hepatocyte,CL:0000182,38
https://api.cellxgene.cziscience.com/dp/v1/collections/e75342a8-0f3b-4ec5-8ee1-245a23e0f7cb#H58$heart%20left%20ventricle,heart,UBERON:0000948,hepatocyte,CL:0000182,hepatocyte,CL:0000182,43
https://api.cellxgene.cziscience.com/dp/v1/collections/e75342a8-0f3b-4ec5-8ee1-245a23e0f7cb#H59$heart%20left%20ventricle,heart,UBERON:0000948,hepatocyte,CL:0000182,hepatocyte,CL:0000182,68
https://api.cellxgene.cziscience.com/dp/v1/collections/e75342a8-0f3b-4ec5-8ee1-245a23e0f7cb#H67$heart%20left%20ventricle,heart,UBERON:0000948,hepatocyte,CL:0000182,hepatocyte,CL:0000182,99
https://api.cellxgene.cziscience.com/dp/v1/collections/e75342a8-0f3b-4ec5-8ee1-245a23e0f7cb#H67$interventricular%20septum,heart,UBERON:0000948,hepatocyte,CL:0000182,hepatocyte,CL:0000182,80
https://api.cellxgene.cziscience.com/dp/v1/collections/e75342a8-0f3b-4ec5-8ee1-245a23e0f7cb#H73$heart%20left%20ventricle,heart,UBERON:0000948,hepatocyte,CL:0000182,hepatocyte,CL:0000182,121
https://api.cellxgene.cziscience.com/dp/v1/collections/e75342a8-0f3b-4ec5-8ee1-245a23e0f7cb#H79$heart%20left%20ventricle,heart,UBERON:0000948,hepatocyte,CL:0000182,hepatocyte,CL:0000182,10
https://api.cellxgene.cziscience.com/dp/v1/collections/e75342a8-0f3b-4ec5-8ee1-245a23e0f7cb#H79$heart%20right%20ventricle,heart,UBERON:0000948,hepatocyte,CL:0000182,hepatocyte,CL:0000182,2
https://api.cellxgene.cziscience.com/dp/v1/collections/e75342a8-0f3b-4ec5-8ee1-245a23e0f7cb#H79$interventricular%20septum,heart,UBERON:0000948,hepatocyte,CL:0000182,hepatocyte,CL:0000182,4
https://api.cellxgene.cziscience.com/dp/v1/collections/e75342a8-0f3b-4ec5-8ee1-245a23e0f7cb#H80$heart%20left%20ventricle,heart,UBERON:0000948,hepatocyte,CL:0000182,hepatocyte,CL:0000182,75
https://api.cellxgene.cziscience.com/dp/v1/collections/e75342a8-0f3b-4ec5-8ee1-245a23e0f7cb#H80$heart%20right%20ventricle,heart,UBERON:0000948,hepatocyte,CL:0000182,hepatocyte,CL:0000182,43
https://api.cellxgene.cziscience.com/dp/v1/collections/e75342a8-0f3b-4ec5-8ee1-245a23e0f7cb#H80$interventricular%20septum,heart,UBERON:0000948,hepatocyte,CL:0000182,hepatocyte,CL:0000182,63
https://api.cellxgene.cziscience.com/dp/v1/collections/e75342a8-0f3b-4ec5-8ee1-245a23e0f7cb#H81$heart%20left%20ventricle,heart,UBERON:0000948,hepatocyte,CL:0000182,hepatocyte,CL:0000182,51
https://entity.api.hubmapconsortium.org/entities/b1ac71625c1aba9d819fae1725c27a42,heart,UBERON:0000948,hepatocyte,CL:0000182,hepatocyte,CL:0000182,271
https://entity.api.hubmapconsortium.org/entities/19304b10d9e1f17af19cccb2feb014a5,heart,UBERON:0000948,hepatocyte,CL:0000182,hepatocyte,CL:0000182,395
https://entity.api.hubmapconsortium.org/entities/2d3dbd5e5a3d9d5cfc7a46f06815a4eb,heart,UBERON:0000948,hepatocyte,CL:0000182,hepatocyte,CL:0000182,522
https://entity.api.hubmapconsortium.org/entities/7d70a4deb9e2f0592f0c56e20ca91169,heart,UBERON:0000948,hepatocyte,CL:0000182,hepatocyte,CL:0000182,407
https://entity.api.hubmapconsortium.org/entities/d6e6c8e452ed628425e9e928306a6db0,heart,UBERON:0000948,hepatocyte,CL:0000182,hepatocyte,CL:0000182,462
https://entity.api.hubmapconsortium.org/entities/17f67cb15e59f65e640d85d2f3866cde,heart,UBERON:0000948,hepatocyte,CL:0000182,hepatocyte,CL:0000182,429
https://entity.api.hubmapconsortium.org/entities/22684b9011fc5aea5cb3f89670a461e8,heart,UBERON:0000948,hepatocyte,CL:0000182,hepatocyte,CL:0000182,401
https://entity.api.hubmapconsortium.org/entities/8b65acdfecc504e9a96c84643c3ab02c,heart,UBERON:0000948,hepatocyte,CL:0000182,hepatocyte,CL:0000182,393
https://entity.api.hubmapconsortium.org/entities/c6bb00096b0cf40751f9d6003fb730c7,heart,UBERON:0000948,hepatocyte,CL:0000182,hepatocyte,CL:0000182,481
https://entity.api.hubmapconsortium.org/entities/de78115cc476af9422f916ddfbccbfb6,heart,UBERON:0000948,hepatocyte,CL:0000182,hepatocyte,CL:0000182,440
https://entity.api.hubmapconsortium.org/entities/fd57a928d9f3cee7e95d284f1d5b9935,heart,UBERON:0000948,hepatocyte,CL:0000182,hepatocyte,CL:0000182,439
https://api.cellxgene.cziscience.com/dp/v1/collections/b52eb423-5d0d-4645-b217-e1c6d38b2e72#D1$apex%20of%20heart,heart,UBERON:0000948,hepatocyte,CL:0000182,hepatocyte,CL:0000182,11
https://api.cellxgene.cziscience.com/dp/v1/collections/b52eb423-5d0d-4645-b217-e1c6d38b2e72#D1$heart%20left%20ventricle,heart,UBERON:0000948,hepatocyte,CL:0000182,hepatocyte,CL:0000182,12
https://api.cellxgene.cziscience.com/dp/v1/collections/b52eb423-5d0d-4645-b217-e1c6d38b2e72#D1$heart%20right%20ventricle,heart,UBERON:0000948,hepatocyte,CL:0000182,hepatocyte,CL:0000182,18
https://api.cellxgene.cziscience.com/dp/v1/collections/b52eb423-5d0d-4645-b217-e1c6d38b2e72#D1$left%20cardiac%20atrium,heart,UBERON:0000948,hepatocyte,CL:0000182,hepatocyte,CL:0000182,17
https://api.cellxgene.cziscience.com/dp/v1/collections/b52eb423-5d0d-4645-b217-e1c6d38b2e72#D11$apex%20of%20heart,heart,UBERON:0000948,hepatocyte,CL:0000182,hepatocyte,CL:0000182,67
https://api.cellxgene.cziscience.com/dp/v1/collections/b52eb423-5d0d-4645-b217-e1c6d38b2e72#D11$heart%20right%20ventricle,heart,UBERON:0000948,hepatocyte,CL:0000182,hepatocyte,CL:0000182,9
https://api.cellxgene.cziscience.com/dp/v1/collections/b52eb423-5d0d-4645-b217-e1c6d38b2e72#D11$interventricular%20septum,heart,UBERON:0000948,hepatocyte,CL:0000182,hepatocyte,CL:0000182,23
https://api.cellxgene.cziscience.com/dp/v1/collections/b52eb423-5d0d-4645-b217-e1c6d38b2e72#D11$left%20cardiac%20atrium,heart,UBERON:0000948,hepatocyte,CL:0000182,hepatocyte,CL:0000182,10
https://api.cellxgene.cziscience.com/dp/v1/collections/b52eb423-5d0d-4645-b217-e1c6d38b2e72#D2$apex%20of%20heart,heart,UBERON:0000948,hepatocyte,CL:0000182,hepatocyte,CL:0000182,57
https://api.cellxgene.cziscience.com/dp/v1/collections/b52eb423-5d0d-4645-b217-e1c6d38b2e72#D2$heart%20left%20ventricle,heart,UBERON:0000948,hepatocyte,CL:0000182,hepatocyte,CL:0000182,27
https://api.cellxgene.cziscience.com/dp/v1/collections/b52eb423-5d0d-4645-b217-e1c6d38b2e72#D2$heart%20right%20ventricle,heart,UBERON:0000948,hepatocyte,CL:0000182,hepatocyte,CL:0000182,41
https://api.cellxgene.cziscience.com/dp/v1/collections/b52eb423-5d0d-4645-b217-e1c6d38b2e72#D2$interventricular%20septum,heart,UBERON:0000948,hepatocyte,CL:0000182,hepatocyte,CL:0000182,14
https://api.cellxgene.cziscience.com/dp/v1/collections/b52eb423-5d0d-4645-b217-e1c6d38b2e72#D2$left%20cardiac%20atrium,heart,UBERON:0000948,hepatocyte,CL:0000182,hepatocyte,CL:0000182,157
https://api.cellxgene.cziscience.com/dp/v1/collections/b52eb423-5d0d-4645-b217-e1c6d38b2e72#D2$right%20cardiac%20atrium,heart,UBERON:0000948,hepatocyte,CL:0000182,hepatocyte,CL:0000182,92
https://api.cellxgene.cziscience.com/dp/v1/collections/b52eb423-5d0d-4645-b217-e1c6d38b2e72#D3$apex%20of%20heart,heart,UBERON:0000948,hepatocyte,CL:0000182,hepatocyte,CL:0000182,57
https://api.cellxgene.cziscience.com/dp/v1/collections/b52eb423-5d0d-4645-b217-e1c6d38b2e72#D3$heart%20left%20ventricle,heart,UBERON:0000948,hepatocyte,CL:0000182,hepatocyte,CL:0000182,529
https://api.cellxgene.cziscience.com/dp/v1/collections/b52eb423-5d0d-4645-b217-e1c6d38b2e72#D3$heart%20right%20ventricle,heart,UBERON:0000948,hepatocyte,CL:0000182,hepatocyte,CL:0000182,8
https://api.cellxgene.cziscience.com/dp/v1/collections/b52eb423-5d0d-4645-b217-e1c6d38b2e72#D3$interventricular%20septum,heart,UBERON:0000948,hepatocyte,CL:0000182,hepatocyte,CL:0000182,86
https://api.cellxgene.cziscience.com/dp/v1/collections/b52eb423-5d0d-4645-b217-e1c6d38b2e72#D3$left%20cardiac%20atrium,heart,UBERON:0000948,hepatocyte,CL:0000182,hepatocyte,CL:0000182,51
https://api.cellxgene.cziscience.com/dp/v1/collections/b52eb423-5d0d-4645-b217-e1c6d38b2e72#D3$right%20cardiac%20atrium,heart,UBERON:0000948,hepatocyte,CL:0000182,hepatocyte,CL:0000182,254
https://api.cellxgene.cziscience.com/dp/v1/collections/b52eb423-5d0d-4645-b217-e1c6d38b2e72#D4$apex%20of%20heart,heart,UBERON:0000948,hepatocyte,CL:0000182,hepatocyte,CL:0000182,66
https://api.cellxgene.cziscience.com/dp/v1/collections/b52eb423-5d0d-4645-b217-e1c6d38b2e72#D4$heart%20left%20ventricle,heart,UBERON:0000948,hepatocyte,CL:0000182,hepatocyte,CL:0000182,27
https://api.cellxgene.cziscience.com/dp/v1/collections/b52eb423-5d0d-4645-b217-e1c6d38b2e72#D4$heart%20right%20ventricle,heart,UBERON:0000948,hepatocyte,CL:0000182,hepatocyte,CL:0000182,45
https://api.cellxgene.cziscience.com/dp/v1/collections/b52eb423-5d0d-4645-b217-e1c6d38b2e72#D4$interventricular%20septum,heart,UBERON:0000948,hepatocyte,CL:0000182,hepatocyte,CL:0000182,28
https://api.cellxgene.cziscience.com/dp/v1/collections/b52eb423-5d0d-4645-b217-e1c6d38b2e72#D4$left%20cardiac%20atrium,heart,UBERON:0000948,hepatocyte,CL:0000182,hepatocyte,CL:0000182,86
https://api.cellxgene.cziscience.com/dp/v1/collections/b52eb423-5d0d-4645-b217-e1c6d38b2e72#D5$apex%20of%20heart,heart,UBERON:0000948,hepatocyte,CL:0000182,hepatocyte,CL:0000182,40
https://api.cellxgene.cziscience.com/dp/v1/collections/b52eb423-5d0d-4645-b217-e1c6d38b2e72#D5$heart%20left%20ventricle,heart,UBERON:0000948,hepatocyte,CL:0000182,hepatocyte,CL:0000182,39
https://api.cellxgene.cziscience.com/dp/v1/collections/b52eb423-5d0d-4645-b217-e1c6d38b2e72#D5$heart%20right%20ventricle,heart,UBERON:0000948,hepatocyte,CL:0000182,hepatocyte,CL:0000182,12
https://api.cellxgene.cziscience.com/dp/v1/collections/b52eb423-5d0d-4645-b217-e1c6d38b2e72#D5$interventricular%20septum,heart,UBERON:0000948,hepatocyte,CL:0000182,hepatocyte,CL:0000182,29
https://api.cellxgene.cziscience.com/dp/v1/collections/b52eb423-5d0d-4645-b217-e1c6d38b2e72#D5$left%20cardiac%20atrium,heart,UBERON:0000948,hepatocyte,CL:0000182,hepatocyte,CL:0000182,79
https://api.cellxgene.cziscience.com/dp/v1/collections/b52eb423-5d0d-4645-b217-e1c6d38b2e72#D6$apex%20of%20heart,heart,UBERON:0000948,hepatocyte,CL:0000182,hepatocyte,CL:0000182,350
https://api.cellxgene.cziscience.com/dp/v1/collections/b52eb423-5d0d-4645-b217-e1c6d38b2e72#D6$heart%20left%20ventricle,heart,UBERON:0000948,hepatocyte,CL:0000182,hepatocyte,CL:0000182,80
https://api.cellxgene.cziscience.com/dp/v1/collections/b52eb423-5d0d-4645-b217-e1c6d38b2e72#D6$heart%20right%20ventricle,heart,UBERON:0000948,hepatocyte,CL:0000182,hepatocyte,CL:0000182,92
https://api.cellxgene.cziscience.com/dp/v1/collections/b52eb423-5d0d-4645-b217-e1c6d38b2e72#D6$interventricular%20septum,heart,UBERON:0000948,hepatocyte,CL:0000182,hepatocyte,CL:0000182,349
https://api.cellxgene.cziscience.com/dp/v1/collections/b52eb423-5d0d-4645-b217-e1c6d38b2e72#D6$left%20cardiac%20atrium,heart,UBERON:0000948,hepatocyte,CL:0000182,hepatocyte,CL:0000182,249
https://api.cellxgene.cziscience.com/dp/v1/collections/b52eb423-5d0d-4645-b217-e1c6d38b2e72#D6$right%20cardiac%20atrium,heart,UBERON:0000948,hepatocyte,CL:0000182,hepatocyte,CL:0000182,56
https://api.cellxgene.cziscience.com/dp/v1/collections/b52eb423-5d0d-4645-b217-e1c6d38b2e72#D7$apex%20of%20heart,heart,UBERON:0000948,hepatocyte,CL:0000182,hepatocyte,CL:0000182,52
https://api.cellxgene.cziscience.com/dp/v1/collections/b52eb423-5d0d-4645-b217-e1c6d38b2e72#D7$heart%20left%20ventricle,heart,UBERON:0000948,hepatocyte,CL:0000182,hepatocyte,CL:0000182,39
https://api.cellxgene.cziscience.com/dp/v1/collections/b52eb423-5d0d-4645-b217-e1c6d38b2e72#D7$heart%20right%20ventricle,heart,UBERON:0000948,hepatocyte,CL:0000182,hepatocyte,CL:0000182,47
https://api.cellxgene.cziscience.com/dp/v1/collections/b52eb423-5d0d-4645-b217-e1c6d38b2e72#D7$interventricular%20septum,heart,UBERON:0000948,hepatocyte,CL:0000182,hepatocyte,CL:0000182,44
https://api.cellxgene.cziscience.com/dp/v1/collections/b52eb423-5d0d-4645-b217-e1c6d38b2e72#D7$left%20cardiac%20atrium,heart,UBERON:0000948,hepatocyte,CL:0000182,hepatocyte,CL:0000182,51
https://api.cellxgene.cziscience.com/dp/v1/collections/b52eb423-5d0d-4645-b217-e1c6d38b2e72#D7$right%20cardiac%20atrium,heart,UBERON:0000948,hepatocyte,CL:0000182,hepatocyte,CL:0000182,134
https://api.cellxgene.cziscience.com/dp/v1/collections/b52eb423-5d0d-4645-b217-e1c6d38b2e72#H2$apex%20of%20heart,heart,UBERON:0000948,hepatocyte,CL:0000182,hepatocyte,CL:0000182,34
https://api.cellxgene.cziscience.com/dp/v1/collections/b52eb423-5d0d-4645-b217-e1c6d38b2e72#H2$heart%20left%20ventricle,heart,UBERON:0000948,hepatocyte,CL:0000182,hepatocyte,CL:0000182,68
https://api.cellxgene.cziscience.com/dp/v1/collections/b52eb423-5d0d-4645-b217-e1c6d38b2e72#H2$heart%20right%20ventricle,heart,UBERON:0000948,hepatocyte,CL:0000182,hepatocyte,CL:0000182,45
https://api.cellxgene.cziscience.com/dp/v1/collections/b52eb423-5d0d-4645-b217-e1c6d38b2e72#H2$interventricular%20septum,heart,UBERON:0000948,hepatocyte,CL:0000182,hepatocyte,CL:0000182,6
https://api.cellxgene.cziscience.com/dp/v1/collections/b52eb423-5d0d-4645-b217-e1c6d38b2e72#H2$left%20cardiac%20atrium,heart,UBERON:0000948,hepatocyte,CL:0000182,hepatocyte,CL:0000182,22
https://api.cellxgene.cziscience.com/dp/v1/collections/b52eb423-5d0d-4645-b217-e1c6d38b2e72#H2$right%20cardiac%20atrium,heart,UBERON:0000948,hepatocyte,CL:0000182,hepatocyte,CL:0000182,4
https://api.cellxgene.cziscience.com/dp/v1/collections/b52eb423-5d0d-4645-b217-e1c6d38b2e72#H3$apex%20of%20heart,heart,UBERON:0000948,hepatocyte,CL:0000182,hepatocyte,CL:0000182,5
https://api.cellxgene.cziscience.com/dp/v1/collections/b52eb423-5d0d-4645-b217-e1c6d38b2e72#H3$heart%20left%20ventricle,heart,UBERON:0000948,hepatocyte,CL:0000182,hepatocyte,CL:0000182,34
https://api.cellxgene.cziscience.com/dp/v1/collections/b52eb423-5d0d-4645-b217-e1c6d38b2e72#H3$heart%20right%20ventricle,heart,UBERON:0000948,hepatocyte,CL:0000182,hepatocyte,CL:0000182,7
https://api.cellxgene.cziscience.com/dp/v1/collections/b52eb423-5d0d-4645-b217-e1c6d38b2e72#H3$interventricular%20septum,heart,UBERON:0000948,hepatocyte,CL:0000182,hepatocyte,CL:0000182,6
https://api.cellxgene.cziscience.com/dp/v1/collections/b52eb423-5d0d-4645-b217-e1c6d38b2e72#H3$left%20cardiac%20atrium,heart,UBERON:0000948,hepatocyte,CL:0000182,hepatocyte,CL:0000182,71
https://api.cellxgene.cziscience.com/dp/v1/collections/b52eb423-5d0d-4645-b217-e1c6d38b2e72#H3$right%20cardiac%20atrium,heart,UBERON:0000948,hepatocyte,CL:0000182,hepatocyte,CL:0000182,8
https://api.cellxgene.cziscience.com/dp/v1/collections/b52eb423-5d0d-4645-b217-e1c6d38b2e72#H4$apex%20of%20heart,heart,UBERON:0000948,hepatocyte,CL:0000182,hepatocyte,CL:0000182,16
https://api.cellxgene.cziscience.com/dp/v1/collections/b52eb423-5d0d-4645-b217-e1c6d38b2e72#H4$heart%20left%20ventricle,heart,UBERON:0000948,hepatocyte,CL:0000182,hepatocyte,CL:0000182,20
https://api.cellxgene.cziscience.com/dp/v1/collections/b52eb423-5d0d-4645-b217-e1c6d38b2e72#H4$heart%20right%20ventricle,heart,UBERON:0000948,hepatocyte,CL:0000182,hepatocyte,CL:0000182,11
https://api.cellxgene.cziscience.com/dp/v1/collections/b52eb423-5d0d-4645-b217-e1c6d38b2e72#H4$interventricular%20septum,heart,UBERON:0000948,hepatocyte,CL:0000182,hepatocyte,CL:0000182,22
https://api.cellxgene.cziscience.com/dp/v1/collections/b52eb423-5d0d-4645-b217-e1c6d38b2e72#H4$left%20cardiac%20atrium,heart,UBERON:0000948,hepatocyte,CL:0000182,hepatocyte,CL:0000182,16
https://api.cellxgene.cziscience.com/dp/v1/collections/b52eb423-5d0d-4645-b217-e1c6d38b2e72#H4$right%20cardiac%20atrium,heart,UBERON:0000948,hepatocyte,CL:0000182,hepatocyte,CL:0000182,14
https://api.cellxgene.cziscience.com/dp/v1/collections/b52eb423-5d0d-4645-b217-e1c6d38b2e72#H5$apex%20of%20heart,heart,UBERON:0000948,hepatocyte,CL:0000182,hepatocyte,CL:0000182,32
https://api.cellxgene.cziscience.com/dp/v1/collections/b52eb423-5d0d-4645-b217-e1c6d38b2e72#H5$heart%20left%20ventricle,heart,UBERON:0000948,hepatocyte,CL:0000182,hepatocyte,CL:0000182,15
https://api.cellxgene.cziscience.com/dp/v1/collections/b52eb423-5d0d-4645-b217-e1c6d38b2e72#H5$heart%20right%20ventricle,heart,UBERON:0000948,hepatocyte,CL:0000182,hepatocyte,CL:0000182,10
https://api.cellxgene.cziscience.com/dp/v1/collections/b52eb423-5d0d-4645-b217-e1c6d38b2e72#H5$interventricular%20septum,heart,UBERON:0000948,hepatocyte,CL:0000182,hepatocyte,CL:0000182,14
https://api.cellxgene.cziscience.com/dp/v1/collections/b52eb423-5d0d-4645-b217-e1c6d38b2e72#H5$left%20cardiac%20atrium,heart,UBERON:0000948,hepatocyte,CL:0000182,hepatocyte,CL:0000182,14
https://api.cellxgene.cziscience.com/dp/v1/collections/b52eb423-5d0d-4645-b217-e1c6d38b2e72#H6$heart%20left%20ventricle,heart,UBERON:0000948,hepatocyte,CL:0000182,hepatocyte,CL:0000182,15
https://api.cellxgene.cziscience.com/dp/v1/collections/b52eb423-5d0d-4645-b217-e1c6d38b2e72#H6$heart%20right%20ventricle,heart,UBERON:0000948,hepatocyte,CL:0000182,hepatocyte,CL:0000182,13
https://api.cellxgene.cziscience.com/dp/v1/collections/b52eb423-5d0d-4645-b217-e1c6d38b2e72#H6$interventricular%20septum,heart,UBERON:0000948,hepatocyte,CL:0000182,hepatocyte,CL:0000182,31
https://api.cellxgene.cziscience.com/dp/v1/collections/b52eb423-5d0d-4645-b217-e1c6d38b2e72#H6$left%20cardiac%20atrium,heart,UBERON:0000948,hepatocyte,CL:0000182,hepatocyte,CL:0000182,61
https://api.cellxgene.cziscience.com/dp/v1/collections/b52eb423-5d0d-4645-b217-e1c6d38b2e72#H7$apex%20of%20heart,heart,UBERON:0000948,hepatocyte,CL:0000182,hepatocyte,CL:0000182,15
https://api.cellxgene.cziscience.com/dp/v1/collections/b52eb423-5d0d-4645-b217-e1c6d38b2e72#H7$heart%20left%20ventricle,heart,UBERON:0000948,hepatocyte,CL:0000182,hepatocyte,CL:0000182,16
https://api.cellxgene.cziscience.com/dp/v1/collections/b52eb423-5d0d-4645-b217-e1c6d38b2e72#H7$heart%20right%20ventricle,heart,UBERON:0000948,hepatocyte,CL:0000182,hepatocyte,CL:0000182,24
https://api.cellxgene.cziscience.com/dp/v1/collections/b52eb423-5d0d-4645-b217-e1c6d38b2e72#H7$interventricular%20septum,heart,UBERON:0000948,hepatocyte,CL:0000182,hepatocyte,CL:0000182,15
https://entity.api.hubmapconsortium.org/entities/007f3dfaaa287d5c7c227651f61a9c5b,heart,UBERON:0000948,hepatocyte,CL:0000182,hepatocyte,CL:0000182,259
https://entity.api.hubmapconsortium.org/entities/224e01ccfc20977ee5a6a6a5b96aa7d7,heart,UBERON:0000948,hepatocyte,CL:0000182,hepatocyte,CL:0000182,2
https://entity.api.hubmapconsortium.org/entities/26e1f2991c6f67fa10e9670f1bc0da6a,heart,UBERON:0000948,hepatocyte,CL:0000182,hepatocyte,CL:0000182,223
https://entity.api.hubmapconsortium.org/entities/2d0deacd8be70eefbdc33ac107d97e58,heart,UBERON:0000948,hepatocyte,CL:0000182,hepatocyte,CL:0000182,173
https://entity.api.hubmapconsortium.org/entities/33b9c54d7c295897826e1e5271d4fc24,heart,UBERON:0000948,hepatocyte,CL:0000182,hepatocyte,CL:0000182,1
https://entity.api.hubmapconsortium.org/entities/35e9bf0f58152ceb6f4d01052ac8867d,heart,UBERON:0000948,hepatocyte,CL:0000182,hepatocyte,CL:0000182,224
https://entity.api.hubmapconsortium.org/entities/3d0bf870aaa607cd0bd0146a461ea0ac,heart,UBERON:0000948,hepatocyte,CL:0000182,hepatocyte,CL:0000182,1
https://entity.api.hubmapconsortium.org/entities/4c435d2297941eafda7fe30f327f88ec,heart,UBERON:0000948,hepatocyte,CL:0000182,hepatocyte,CL:0000182,2
https://entity.api.hubmapconsortium.org/entities/9e91d1be412466551533cce5594450cb,heart,UBERON:0000948,hepatocyte,CL:0000182,hepatocyte,CL:0000182,264
https://doi.org/10.1126/science.abl4290#GTEX-13N11-5002-SM-H5JDV,heart,UBERON:0000948,hepatocyte,CL:0000182,hepatocyte,CL:0000182,366
https://doi.org/10.1126/science.abl4290#GTEX-15RIE-5015-SM-H8L6X,heart,UBERON:0000948,hepatocyte,CL:0000182,hepatocyte,CL:0000182,146
https://doi.org/10.1126/science.abl4290#GTEX-1ICG6-5003-SM-GHS9A,heart,UBERON:0000948,hepatocyte,CL:0000182,hepatocyte,CL:0000182,225
https://entity.api.hubmapconsortium.org/entities/21043afd6be7ec258f8a9fa1577c41b5,heart,UBERON:0000948,hepatocyte,CL:0000182,hepatocyte,CL:0000182,354
https://entity.api.hubmapconsortium.org/entities/a48ab0bf5d8084da24859c4e64336e9c,heart,UBERON:0000948,hepatocyte,CL:0000182,hepatocyte,CL:0000182,10
https://entity.api.hubmapconsortium.org/entities/c616de3ce57804ede2dd519a1c8addf2,heart,UBERON:0000948,hepatocyte,CL:0000182,hepatocyte,CL:0000182,358
https://entity.api.hubmapconsortium.org/entities/d0f164331f53f745cfa3e67bf3feb22d,heart,UBERON:0000948,hepatocyte,CL:0000182,hepatocyte,CL:0000182,11
